message,error_bit,codeword,received,decoded,pass
0000000,-1,00000000000000000000,00000000000000000000,0000000,1
0000000,0,00000000000000000000,00000000000000000001,0000000,1
0000000,1,00000000000000000000,00000000000000000010,0000000,1
0000000,2,00000000000000000000,00000000000000000100,0000000,1
0000000,3,00000000000000000000,00000000000000001000,0000000,1
0000000,4,00000000000000000000,00000000000000010000,0000000,1
0000000,5,00000000000000000000,00000000000000100000,0000000,1
0000000,6,00000000000000000000,00000000000001000000,0000000,1
0000000,7,00000000000000000000,00000000000010000000,0000000,1
0000000,8,00000000000000000000,00000000000100000000,0000000,1
0000000,9,00000000000000000000,00000000001000000000,0000000,1
0000000,10,00000000000000000000,00000000010000000000,0000000,1
0000000,11,00000000000000000000,00000000100000000000,0000000,1
0000000,12,00000000000000000000,00000001000000000000,0000000,1
0000000,13,00000000000000000000,00000010000000000000,0000000,1
0000000,14,00000000000000000000,00000100000000000000,0000000,1
0000000,15,00000000000000000000,00001000000000000000,0000000,1
0000000,16,00000000000000000000,00010000000000000000,0000000,1
0000000,17,00000000000000000000,00100000000000000000,0000000,1
0000000,18,00000000000000000000,01000000000000000000,0000000,1
0000000,19,00000000000000000000,10000000000000000000,0000000,1
0000001,-1,00000000000011111011,00000000000011111011,0000001,1
0000001,0,00000000000011111011,00000000000011111010,0000001,1
0000001,1,00000000000011111011,00000000000011111001,0000001,1
0000001,2,00000000000011111011,00000000000011111111,0000001,1
0000001,3,00000000000011111011,00000000000011110011,0000001,1
0000001,4,00000000000011111011,00000000000011101011,0000001,1
0000001,5,00000000000011111011,00000000000011011011,0000001,1
0000001,6,00000000000011111011,00000000000010111011,0000001,1
0000001,7,00000000000011111011,00000000000001111011,0000001,1
0000001,8,00000000000011111011,00000000000111111011,0000001,1
0000001,9,00000000000011111011,00000000001011111011,0000001,1
0000001,10,00000000000011111011,00000000010011111011,0000001,1
0000001,11,00000000000011111011,00000000100011111011,0000001,1
0000001,12,00000000000011111011,00000001000011111011,0000001,1
0000001,13,00000000000011111011,00000010000011111011,0000001,1
0000001,14,00000000000011111011,00000100000011111011,0000001,1
0000001,15,00000000000011111011,00001000000011111011,0000001,1
0000001,16,00000000000011111011,00010000000011111011,0000001,1
0000001,17,00000000000011111011,00100000000011111011,0000001,1
0000001,18,00000000000011111011,01000000000011111011,0000001,1
0000001,19,00000000000011111011,10000000000011111011,0000001,1
0000010,-1,00000000001111101100,00000000001111101100,0000010,1
0000010,0,00000000001111101100,00000000001111101101,0000010,1
0000010,1,00000000001111101100,00000000001111101110,0000010,1
0000010,2,00000000001111101100,00000000001111101000,0000010,1
0000010,3,00000000001111101100,00000000001111100100,0000010,1
0000010,4,00000000001111101100,00000000001111111100,0000010,1
0000010,5,00000000001111101100,00000000001111001100,0000010,1
0000010,6,00000000001111101100,00000000001110101100,0000010,1
0000010,7,00000000001111101100,00000000001101101100,0000010,1
0000010,8,00000000001111101100,00000000001011101100,0000010,1
0000010,9,00000000001111101100,00000000000111101100,0000010,1
0000010,10,00000000001111101100,00000000011111101100,0000010,1
0000010,11,00000000001111101100,00000000101111101100,0000010,1
0000010,12,00000000001111101100,00000001001111101100,0000010,1
0000010,13,00000000001111101100,00000010001111101100,0000010,1
0000010,14,00000000001111101100,00000100001111101100,0000010,1
0000010,15,00000000001111101100,00001000001111101100,0000010,1
0000010,16,00000000001111101100,00010000001111101100,0000010,1
0000010,17,00000000001111101100,00100000001111101100,0000010,1
0000010,18,00000000001111101100,01000000001111101100,0000010,1
0000010,19,00000000001111101100,10000000001111101100,0000010,1
0000011,-1,00000000001100010111,00000000001100010111,0000011,1
0000011,0,00000000001100010111,00000000001100010110,0000011,1
0000011,1,00000000001100010111,00000000001100010101,0000011,1
0000011,2,00000000001100010111,00000000001100010011,0000011,1
0000011,3,00000000001100010111,00000000001100011111,0000011,1
0000011,4,00000000001100010111,00000000001100000111,0000011,1
0000011,5,00000000001100010111,00000000001100110111,0000011,1
0000011,6,00000000001100010111,00000000001101010111,0000011,1
0000011,7,00000000001100010111,00000000001110010111,0000011,1
0000011,8,00000000001100010111,00000000001000010111,0000011,1
0000011,9,00000000001100010111,00000000000100010111,0000011,1
0000011,10,00000000001100010111,00000000011100010111,0000011,1
0000011,11,00000000001100010111,00000000101100010111,0000011,1
0000011,12,00000000001100010111,00000001001100010111,0000011,1
0000011,13,00000000001100010111,00000010001100010111,0000011,1
0000011,14,00000000001100010111,00000100001100010111,0000011,1
0000011,15,00000000001100010111,00001000001100010111,0000011,1
0000011,16,00000000001100010111,00010000001100010111,0000011,1
0000011,17,00000000001100010111,00100000001100010111,0000011,1
0000011,18,00000000001100010111,01000000001100010111,0000011,1
0000011,19,00000000001100010111,10000000001100010111,0000011,1
0000100,-1,00000000111110110000,00000000111110110000,0000100,1
0000100,0,00000000111110110000,00000000111110110001,0000100,1
0000100,1,00000000111110110000,00000000111110110010,0000100,1
0000100,2,00000000111110110000,00000000111110110100,0000100,1
0000100,3,00000000111110110000,00000000111110111000,0000100,1
0000100,4,00000000111110110000,00000000111110100000,0000100,1
0000100,5,00000000111110110000,00000000111110010000,0000100,1
0000100,6,00000000111110110000,00000000111111110000,0000100,1
0000100,7,00000000111110110000,00000000111100110000,0000100,1
0000100,8,00000000111110110000,00000000111010110000,0000100,1
0000100,9,00000000111110110000,00000000110110110000,0000100,1
0000100,10,00000000111110110000,00000000101110110000,0000100,1
0000100,11,00000000111110110000,00000000011110110000,0000100,1
0000100,12,00000000111110110000,00000001111110110000,0000100,1
0000100,13,00000000111110110000,00000010111110110000,0000100,1
0000100,14,00000000111110110000,00000100111110110000,0000100,1
0000100,15,00000000111110110000,00001000111110110000,0000100,1
0000100,16,00000000111110110000,00010000111110110000,0000100,1
0000100,17,00000000111110110000,00100000111110110000,0000100,1
0000100,18,00000000111110110000,01000000111110110000,0000100,1
0000100,19,00000000111110110000,10000000111110110000,0000100,1
0000101,-1,00000000111101001011,00000000111101001011,0000101,1
0000101,0,00000000111101001011,00000000111101001010,0000101,1
0000101,1,00000000111101001011,00000000111101001001,0000101,1
0000101,2,00000000111101001011,00000000111101001111,0000101,1
0000101,3,00000000111101001011,00000000111101000011,0000101,1
0000101,4,00000000111101001011,00000000111101011011,0000101,1
0000101,5,00000000111101001011,00000000111101101011,0000101,1
0000101,6,00000000111101001011,00000000111100001011,0000101,1
0000101,7,00000000111101001011,00000000111111001011,0000101,1
0000101,8,00000000111101001011,00000000111001001011,0000101,1
0000101,9,00000000111101001011,00000000110101001011,0000101,1
0000101,10,00000000111101001011,00000000101101001011,0000101,1
0000101,11,00000000111101001011,00000000011101001011,0000101,1
0000101,12,00000000111101001011,00000001111101001011,0000101,1
0000101,13,00000000111101001011,00000010111101001011,0000101,1
0000101,14,00000000111101001011,00000100111101001011,0000101,1
0000101,15,00000000111101001011,00001000111101001011,0000101,1
0000101,16,00000000111101001011,00010000111101001011,0000101,1
0000101,17,00000000111101001011,00100000111101001011,0000101,1
0000101,18,00000000111101001011,01000000111101001011,0000101,1
0000101,19,00000000111101001011,10000000111101001011,0000101,1
0000110,-1,00000000110001011100,00000000110001011100,0000110,1
0000110,0,00000000110001011100,00000000110001011101,0000110,1
0000110,1,00000000110001011100,00000000110001011110,0000110,1
0000110,2,00000000110001011100,00000000110001011000,0000110,1
0000110,3,00000000110001011100,00000000110001010100,0000110,1
0000110,4,00000000110001011100,00000000110001001100,0000110,1
0000110,5,00000000110001011100,00000000110001111100,0000110,1
0000110,6,00000000110001011100,00000000110000011100,0000110,1
0000110,7,00000000110001011100,00000000110011011100,0000110,1
0000110,8,00000000110001011100,00000000110101011100,0000110,1
0000110,9,00000000110001011100,00000000111001011100,0000110,1
0000110,10,00000000110001011100,00000000100001011100,0000110,1
0000110,11,00000000110001011100,00000000010001011100,0000110,1
0000110,12,00000000110001011100,00000001110001011100,0000110,1
0000110,13,00000000110001011100,00000010110001011100,0000110,1
0000110,14,00000000110001011100,00000100110001011100,0000110,1
0000110,15,00000000110001011100,00001000110001011100,0000110,1
0000110,16,00000000110001011100,00010000110001011100,0000110,1
0000110,17,00000000110001011100,00100000110001011100,0000110,1
0000110,18,00000000110001011100,01000000110001011100,0000110,1
0000110,19,00000000110001011100,10000000110001011100,0000110,1
0000111,-1,00000000110010100111,00000000110010100111,0000111,1
0000111,0,00000000110010100111,00000000110010100110,0000111,1
0000111,1,00000000110010100111,00000000110010100101,0000111,1
0000111,2,00000000110010100111,00000000110010100011,0000111,1
0000111,3,00000000110010100111,00000000110010101111,0000111,1
0000111,4,00000000110010100111,00000000110010110111,0000111,1
0000111,5,00000000110010100111,00000000110010000111,0000111,1
0000111,6,00000000110010100111,00000000110011100111,0000111,1
0000111,7,00000000110010100111,00000000110000100111,0000111,1
0000111,8,00000000110010100111,00000000110110100111,0000111,1
0000111,9,00000000110010100111,00000000111010100111,0000111,1
0000111,10,00000000110010100111,00000000100010100111,0000111,1
0000111,11,00000000110010100111,00000000010010100111,0000111,1
0000111,12,00000000110010100111,00000001110010100111,0000111,1
0000111,13,00000000110010100111,00000010110010100111,0000111,1
0000111,14,00000000110010100111,00000100110010100111,0000111,1
0000111,15,00000000110010100111,00001000110010100111,0000111,1
0000111,16,00000000110010100111,00010000110010100111,0000111,1
0000111,17,00000000110010100111,00100000110010100111,0000111,1
0000111,18,00000000110010100111,01000000110010100111,0000111,1
0000111,19,00000000110010100111,10000000110010100111,0000111,1
0001000,-1,00000011111011000000,00000011111011000000,0001000,1
0001000,0,00000011111011000000,00000011111011000001,0001000,1
0001000,1,00000011111011000000,00000011111011000010,0001000,1
0001000,2,00000011111011000000,00000011111011000100,0001000,1
0001000,3,00000011111011000000,00000011111011001000,0001000,1
0001000,4,00000011111011000000,00000011111011010000,0001000,1
0001000,5,00000011111011000000,00000011111011100000,0001000,1
0001000,6,00000011111011000000,00000011111010000000,0001000,1
0001000,7,00000011111011000000,00000011111001000000,0001000,1
0001000,8,00000011111011000000,00000011111111000000,0001000,1
0001000,9,00000011111011000000,00000011110011000000,0001000,1
0001000,10,00000011111011000000,00000011101011000000,0001000,1
0001000,11,00000011111011000000,00000011011011000000,0001000,1
0001000,12,00000011111011000000,00000010111011000000,0001000,1
0001000,13,00000011111011000000,00000001111011000000,0001000,1
0001000,14,00000011111011000000,00000111111011000000,0001000,1
0001000,15,00000011111011000000,00001011111011000000,0001000,1
0001000,16,00000011111011000000,00010011111011000000,0001000,1
0001000,17,00000011111011000000,00100011111011000000,0001000,1
0001000,18,00000011111011000000,01000011111011000000,0001000,1
0001000,19,00000011111011000000,10000011111011000000,0001000,1
0001001,-1,00000011111000111011,00000011111000111011,0001001,1
0001001,0,00000011111000111011,00000011111000111010,0001001,1
0001001,1,00000011111000111011,00000011111000111001,0001001,1
0001001,2,00000011111000111011,00000011111000111111,0001001,1
0001001,3,00000011111000111011,00000011111000110011,0001001,1
0001001,4,00000011111000111011,00000011111000101011,0001001,1
0001001,5,00000011111000111011,00000011111000011011,0001001,1
0001001,6,00000011111000111011,00000011111001111011,0001001,1
0001001,7,00000011111000111011,00000011111010111011,0001001,1
0001001,8,00000011111000111011,00000011111100111011,0001001,1
0001001,9,00000011111000111011,00000011110000111011,0001001,1
0001001,10,00000011111000111011,00000011101000111011,0001001,1
0001001,11,00000011111000111011,00000011011000111011,0001001,1
0001001,12,00000011111000111011,00000010111000111011,0001001,1
0001001,13,00000011111000111011,00000001111000111011,0001001,1
0001001,14,00000011111000111011,00000111111000111011,0001001,1
0001001,15,00000011111000111011,00001011111000111011,0001001,1
0001001,16,00000011111000111011,00010011111000111011,0001001,1
0001001,17,00000011111000111011,00100011111000111011,0001001,1
0001001,18,00000011111000111011,01000011111000111011,0001001,1
0001001,19,00000011111000111011,10000011111000111011,0001001,1
0001010,-1,00000011110100101100,00000011110100101100,0001010,1
0001010,0,00000011110100101100,00000011110100101101,0001010,1
0001010,1,00000011110100101100,00000011110100101110,0001010,1
0001010,2,00000011110100101100,00000011110100101000,0001010,1
0001010,3,00000011110100101100,00000011110100100100,0001010,1
0001010,4,00000011110100101100,00000011110100111100,0001010,1
0001010,5,00000011110100101100,00000011110100001100,0001010,1
0001010,6,00000011110100101100,00000011110101101100,0001010,1
0001010,7,00000011110100101100,00000011110110101100,0001010,1
0001010,8,00000011110100101100,00000011110000101100,0001010,1
0001010,9,00000011110100101100,00000011111100101100,0001010,1
0001010,10,00000011110100101100,00000011100100101100,0001010,1
0001010,11,00000011110100101100,00000011010100101100,0001010,1
0001010,12,00000011110100101100,00000010110100101100,0001010,1
0001010,13,00000011110100101100,00000001110100101100,0001010,1
0001010,14,00000011110100101100,00000111110100101100,0001010,1
0001010,15,00000011110100101100,00001011110100101100,0001010,1
0001010,16,00000011110100101100,00010011110100101100,0001010,1
0001010,17,00000011110100101100,00100011110100101100,0001010,1
0001010,18,00000011110100101100,01000011110100101100,0001010,1
0001010,19,00000011110100101100,10000011110100101100,0001010,1
0001011,-1,00000011110111010111,00000011110111010111,0001011,1
0001011,0,00000011110111010111,00000011110111010110,0001011,1
0001011,1,00000011110111010111,00000011110111010101,0001011,1
0001011,2,00000011110111010111,00000011110111010011,0001011,1
0001011,3,00000011110111010111,00000011110111011111,0001011,1
0001011,4,00000011110111010111,00000011110111000111,0001011,1
0001011,5,00000011110111010111,00000011110111110111,0001011,1
0001011,6,00000011110111010111,00000011110110010111,0001011,1
0001011,7,00000011110111010111,00000011110101010111,0001011,1
0001011,8,00000011110111010111,00000011110011010111,0001011,1
0001011,9,00000011110111010111,00000011111111010111,0001011,1
0001011,10,00000011110111010111,00000011100111010111,0001011,1
0001011,11,00000011110111010111,00000011010111010111,0001011,1
0001011,12,00000011110111010111,00000010110111010111,0001011,1
0001011,13,00000011110111010111,00000001110111010111,0001011,1
0001011,14,00000011110111010111,00000111110111010111,0001011,1
0001011,15,00000011110111010111,00001011110111010111,0001011,1
0001011,16,00000011110111010111,00010011110111010111,0001011,1
0001011,17,00000011110111010111,00100011110111010111,0001011,1
0001011,18,00000011110111010111,01000011110111010111,0001011,1
0001011,19,00000011110111010111,10000011110111010111,0001011,1
0001100,-1,00000011000101110000,00000011000101110000,0001100,1
0001100,0,00000011000101110000,00000011000101110001,0001100,1
0001100,1,00000011000101110000,00000011000101110010,0001100,1
0001100,2,00000011000101110000,00000011000101110100,0001100,1
0001100,3,00000011000101110000,00000011000101111000,0001100,1
0001100,4,00000011000101110000,00000011000101100000,0001100,1
0001100,5,00000011000101110000,00000011000101010000,0001100,1
0001100,6,00000011000101110000,00000011000100110000,0001100,1
0001100,7,00000011000101110000,00000011000111110000,0001100,1
0001100,8,00000011000101110000,00000011000001110000,0001100,1
0001100,9,00000011000101110000,00000011001101110000,0001100,1
0001100,10,00000011000101110000,00000011010101110000,0001100,1
0001100,11,00000011000101110000,00000011100101110000,0001100,1
0001100,12,00000011000101110000,00000010000101110000,0001100,1
0001100,13,00000011000101110000,00000001000101110000,0001100,1
0001100,14,00000011000101110000,00000111000101110000,0001100,1
0001100,15,00000011000101110000,00001011000101110000,0001100,1
0001100,16,00000011000101110000,00010011000101110000,0001100,1
0001100,17,00000011000101110000,00100011000101110000,0001100,1
0001100,18,00000011000101110000,01000011000101110000,0001100,1
0001100,19,00000011000101110000,10000011000101110000,0001100,1
0001101,-1,00000011000110001011,00000011000110001011,0001101,1
0001101,0,00000011000110001011,00000011000110001010,0001101,1
0001101,1,00000011000110001011,00000011000110001001,0001101,1
0001101,2,00000011000110001011,00000011000110001111,0001101,1
0001101,3,00000011000110001011,00000011000110000011,0001101,1
0001101,4,00000011000110001011,00000011000110011011,0001101,1
0001101,5,00000011000110001011,00000011000110101011,0001101,1
0001101,6,00000011000110001011,00000011000111001011,0001101,1
0001101,7,00000011000110001011,00000011000100001011,0001101,1
0001101,8,00000011000110001011,00000011000010001011,0001101,1
0001101,9,00000011000110001011,00000011001110001011,0001101,1
0001101,10,00000011000110001011,00000011010110001011,0001101,1
0001101,11,00000011000110001011,00000011100110001011,0001101,1
0001101,12,00000011000110001011,00000010000110001011,0001101,1
0001101,13,00000011000110001011,00000001000110001011,0001101,1
0001101,14,00000011000110001011,00000111000110001011,0001101,1
0001101,15,00000011000110001011,00001011000110001011,0001101,1
0001101,16,00000011000110001011,00010011000110001011,0001101,1
0001101,17,00000011000110001011,00100011000110001011,0001101,1
0001101,18,00000011000110001011,01000011000110001011,0001101,1
0001101,19,00000011000110001011,10000011000110001011,0001101,1
0001110,-1,00000011001010011100,00000011001010011100,0001110,1
0001110,0,00000011001010011100,00000011001010011101,0001110,1
0001110,1,00000011001010011100,00000011001010011110,0001110,1
0001110,2,00000011001010011100,00000011001010011000,0001110,1
0001110,3,00000011001010011100,00000011001010010100,0001110,1
0001110,4,00000011001010011100,00000011001010001100,0001110,1
0001110,5,00000011001010011100,00000011001010111100,0001110,1
0001110,6,00000011001010011100,00000011001011011100,0001110,1
0001110,7,00000011001010011100,00000011001000011100,0001110,1
0001110,8,00000011001010011100,00000011001110011100,0001110,1
0001110,9,00000011001010011100,00000011000010011100,0001110,1
0001110,10,00000011001010011100,00000011011010011100,0001110,1
0001110,11,00000011001010011100,00000011101010011100,0001110,1
0001110,12,00000011001010011100,00000010001010011100,0001110,1
0001110,13,00000011001010011100,00000001001010011100,0001110,1
0001110,14,00000011001010011100,00000111001010011100,0001110,1
0001110,15,00000011001010011100,00001011001010011100,0001110,1
0001110,16,00000011001010011100,00010011001010011100,0001110,1
0001110,17,00000011001010011100,00100011001010011100,0001110,1
0001110,18,00000011001010011100,01000011001010011100,0001110,1
0001110,19,00000011001010011100,10000011001010011100,0001110,1
0001111,-1,00000011001001100111,00000011001001100111,0001111,1
0001111,0,00000011001001100111,00000011001001100110,0001111,1
0001111,1,00000011001001100111,00000011001001100101,0001111,1
0001111,2,00000011001001100111,00000011001001100011,0001111,1
0001111,3,00000011001001100111,00000011001001101111,0001111,1
0001111,4,00000011001001100111,00000011001001110111,0001111,1
0001111,5,00000011001001100111,00000011001001000111,0001111,1
0001111,6,00000011001001100111,00000011001000100111,0001111,1
0001111,7,00000011001001100111,00000011001011100111,0001111,1
0001111,8,00000011001001100111,00000011001101100111,0001111,1
0001111,9,00000011001001100111,00000011000001100111,0001111,1
0001111,10,00000011001001100111,00000011011001100111,0001111,1
0001111,11,00000011001001100111,00000011101001100111,0001111,1
0001111,12,00000011001001100111,00000010001001100111,0001111,1
0001111,13,00000011001001100111,00000001001001100111,0001111,1
0001111,14,00000011001001100111,00000111001001100111,0001111,1
0001111,15,00000011001001100111,00001011001001100111,0001111,1
0001111,16,00000011001001100111,00010011001001100111,0001111,1
0001111,17,00000011001001100111,00100011001001100111,0001111,1
0001111,18,00000011001001100111,01000011001001100111,0001111,1
0001111,19,00000011001001100111,10000011001001100111,0001111,1
0010000,-1,00001111101100000000,00001111101100000000,0010000,1
0010000,0,00001111101100000000,00001111101100000001,0010000,1
0010000,1,00001111101100000000,00001111101100000010,0010000,1
0010000,2,00001111101100000000,00001111101100000100,0010000,1
0010000,3,00001111101100000000,00001111101100001000,0010000,1
0010000,4,00001111101100000000,00001111101100010000,0010000,1
0010000,5,00001111101100000000,00001111101100100000,0010000,1
0010000,6,00001111101100000000,00001111101101000000,0010000,1
0010000,7,00001111101100000000,00001111101110000000,0010000,1
0010000,8,00001111101100000000,00001111101000000000,0010000,1
0010000,9,00001111101100000000,00001111100100000000,0010000,1
0010000,10,00001111101100000000,00001111111100000000,0010000,1
0010000,11,00001111101100000000,00001111001100000000,0010000,1
0010000,12,00001111101100000000,00001110101100000000,0010000,1
0010000,13,00001111101100000000,00001101101100000000,0010000,1
0010000,14,00001111101100000000,00001011101100000000,0010000,1
0010000,15,00001111101100000000,00000111101100000000,0010000,1
0010000,16,00001111101100000000,00011111101100000000,0010000,1
0010000,17,00001111101100000000,00101111101100000000,0010000,1
0010000,18,00001111101100000000,01001111101100000000,0010000,1
0010000,19,00001111101100000000,10001111101100000000,0010000,1
0010001,-1,00001111101111111011,00001111101111111011,0010001,1
0010001,0,00001111101111111011,00001111101111111010,0010001,1
0010001,1,00001111101111111011,00001111101111111001,0010001,1
0010001,2,00001111101111111011,00001111101111111111,0010001,1
0010001,3,00001111101111111011,00001111101111110011,0010001,1
0010001,4,00001111101111111011,00001111101111101011,0010001,1
0010001,5,00001111101111111011,00001111101111011011,0010001,1
0010001,6,00001111101111111011,00001111101110111011,0010001,1
0010001,7,00001111101111111011,00001111101101111011,0010001,1
0010001,8,00001111101111111011,00001111101011111011,0010001,1
0010001,9,00001111101111111011,00001111100111111011,0010001,1
0010001,10,00001111101111111011,00001111111111111011,0010001,1
0010001,11,00001111101111111011,00001111001111111011,0010001,1
0010001,12,00001111101111111011,00001110101111111011,0010001,1
0010001,13,00001111101111111011,00001101101111111011,0010001,1
0010001,14,00001111101111111011,00001011101111111011,0010001,1
0010001,15,00001111101111111011,00000111101111111011,0010001,1
0010001,16,00001111101111111011,00011111101111111011,0010001,1
0010001,17,00001111101111111011,00101111101111111011,0010001,1
0010001,18,00001111101111111011,01001111101111111011,0010001,1
0010001,19,00001111101111111011,10001111101111111011,0010001,1
0010010,-1,00001111100011101100,00001111100011101100,0010010,1
0010010,0,00001111100011101100,00001111100011101101,0010010,1
0010010,1,00001111100011101100,00001111100011101110,0010010,1
0010010,2,00001111100011101100,00001111100011101000,0010010,1
0010010,3,00001111100011101100,00001111100011100100,0010010,1
0010010,4,00001111100011101100,00001111100011111100,0010010,1
0010010,5,00001111100011101100,00001111100011001100,0010010,1
0010010,6,00001111100011101100,00001111100010101100,0010010,1
0010010,7,00001111100011101100,00001111100001101100,0010010,1
0010010,8,00001111100011101100,00001111100111101100,0010010,1
0010010,9,00001111100011101100,00001111101011101100,0010010,1
0010010,10,00001111100011101100,00001111110011101100,0010010,1
0010010,11,00001111100011101100,00001111000011101100,0010010,1
0010010,12,00001111100011101100,00001110100011101100,0010010,1
0010010,13,00001111100011101100,00001101100011101100,0010010,1
0010010,14,00001111100011101100,00001011100011101100,0010010,1
0010010,15,00001111100011101100,00000111100011101100,0010010,1
0010010,16,00001111100011101100,00011111100011101100,0010010,1
0010010,17,00001111100011101100,00101111100011101100,0010010,1
0010010,18,00001111100011101100,01001111100011101100,0010010,1
0010010,19,00001111100011101100,10001111100011101100,0010010,1
0010011,-1,00001111100000010111,00001111100000010111,0010011,1
0010011,0,00001111100000010111,00001111100000010110,0010011,1
0010011,1,00001111100000010111,00001111100000010101,0010011,1
0010011,2,00001111100000010111,00001111100000010011,0010011,1
0010011,3,00001111100000010111,00001111100000011111,0010011,1
0010011,4,00001111100000010111,00001111100000000111,0010011,1
0010011,5,00001111100000010111,00001111100000110111,0010011,1
0010011,6,00001111100000010111,00001111100001010111,0010011,1
0010011,7,00001111100000010111,00001111100010010111,0010011,1
0010011,8,00001111100000010111,00001111100100010111,0010011,1
0010011,9,00001111100000010111,00001111101000010111,0010011,1
0010011,10,00001111100000010111,00001111110000010111,0010011,1
0010011,11,00001111100000010111,00001111000000010111,0010011,1
0010011,12,00001111100000010111,00001110100000010111,0010011,1
0010011,13,00001111100000010111,00001101100000010111,0010011,1
0010011,14,00001111100000010111,00001011100000010111,0010011,1
0010011,15,00001111100000010111,00000111100000010111,0010011,1
0010011,16,00001111100000010111,00011111100000010111,0010011,1
0010011,17,00001111100000010111,00101111100000010111,0010011,1
0010011,18,00001111100000010111,01001111100000010111,0010011,1
0010011,19,00001111100000010111,10001111100000010111,0010011,1
0010100,-1,00001111010010110000,00001111010010110000,0010100,1
0010100,0,00001111010010110000,00001111010010110001,0010100,1
0010100,1,00001111010010110000,00001111010010110010,0010100,1
0010100,2,00001111010010110000,00001111010010110100,0010100,1
0010100,3,00001111010010110000,00001111010010111000,0010100,1
0010100,4,00001111010010110000,00001111010010100000,0010100,1
0010100,5,00001111010010110000,00001111010010010000,0010100,1
0010100,6,00001111010010110000,00001111010011110000,0010100,1
0010100,7,00001111010010110000,00001111010000110000,0010100,1
0010100,8,00001111010010110000,00001111010110110000,0010100,1
0010100,9,00001111010010110000,00001111011010110000,0010100,1
0010100,10,00001111010010110000,00001111000010110000,0010100,1
0010100,11,00001111010010110000,00001111110010110000,0010100,1
0010100,12,00001111010010110000,00001110010010110000,0010100,1
0010100,13,00001111010010110000,00001101010010110000,0010100,1
0010100,14,00001111010010110000,00001011010010110000,0010100,1
0010100,15,00001111010010110000,00000111010010110000,0010100,1
0010100,16,00001111010010110000,00011111010010110000,0010100,1
0010100,17,00001111010010110000,00101111010010110000,0010100,1
0010100,18,00001111010010110000,01001111010010110000,0010100,1
0010100,19,00001111010010110000,10001111010010110000,0010100,1
0010101,-1,00001111010001001011,00001111010001001011,0010101,1
0010101,0,00001111010001001011,00001111010001001010,0010101,1
0010101,1,00001111010001001011,00001111010001001001,0010101,1
0010101,2,00001111010001001011,00001111010001001111,0010101,1
0010101,3,00001111010001001011,00001111010001000011,0010101,1
0010101,4,00001111010001001011,00001111010001011011,0010101,1
0010101,5,00001111010001001011,00001111010001101011,0010101,1
0010101,6,00001111010001001011,00001111010000001011,0010101,1
0010101,7,00001111010001001011,00001111010011001011,0010101,1
0010101,8,00001111010001001011,00001111010101001011,0010101,1
0010101,9,00001111010001001011,00001111011001001011,0010101,1
0010101,10,00001111010001001011,00001111000001001011,0010101,1
0010101,11,00001111010001001011,00001111110001001011,0010101,1
0010101,12,00001111010001001011,00001110010001001011,0010101,1
0010101,13,00001111010001001011,00001101010001001011,0010101,1
0010101,14,00001111010001001011,00001011010001001011,0010101,1
0010101,15,00001111010001001011,00000111010001001011,0010101,1
0010101,16,00001111010001001011,00011111010001001011,0010101,1
0010101,17,00001111010001001011,00101111010001001011,0010101,1
0010101,18,00001111010001001011,01001111010001001011,0010101,1
0010101,19,00001111010001001011,10001111010001001011,0010101,1
0010110,-1,00001111011101011100,00001111011101011100,0010110,1
0010110,0,00001111011101011100,00001111011101011101,0010110,1
0010110,1,00001111011101011100,00001111011101011110,0010110,1
0010110,2,00001111011101011100,00001111011101011000,0010110,1
0010110,3,00001111011101011100,00001111011101010100,0010110,1
0010110,4,00001111011101011100,00001111011101001100,0010110,1
0010110,5,00001111011101011100,00001111011101111100,0010110,1
0010110,6,00001111011101011100,00001111011100011100,0010110,1
0010110,7,00001111011101011100,00001111011111011100,0010110,1
0010110,8,00001111011101011100,00001111011001011100,0010110,1
0010110,9,00001111011101011100,00001111010101011100,0010110,1
0010110,10,00001111011101011100,00001111001101011100,0010110,1
0010110,11,00001111011101011100,00001111111101011100,0010110,1
0010110,12,00001111011101011100,00001110011101011100,0010110,1
0010110,13,00001111011101011100,00001101011101011100,0010110,1
0010110,14,00001111011101011100,00001011011101011100,0010110,1
0010110,15,00001111011101011100,00000111011101011100,0010110,1
0010110,16,00001111011101011100,00011111011101011100,0010110,1
0010110,17,00001111011101011100,00101111011101011100,0010110,1
0010110,18,00001111011101011100,01001111011101011100,0010110,1
0010110,19,00001111011101011100,10001111011101011100,0010110,1
0010111,-1,00001111011110100111,00001111011110100111,0010111,1
0010111,0,00001111011110100111,00001111011110100110,0010111,1
0010111,1,00001111011110100111,00001111011110100101,0010111,1
0010111,2,00001111011110100111,00001111011110100011,0010111,1
0010111,3,00001111011110100111,00001111011110101111,0010111,1
0010111,4,00001111011110100111,00001111011110110111,0010111,1
0010111,5,00001111011110100111,00001111011110000111,0010111,1
0010111,6,00001111011110100111,00001111011111100111,0010111,1
0010111,7,00001111011110100111,00001111011100100111,0010111,1
0010111,8,00001111011110100111,00001111011010100111,0010111,1
0010111,9,00001111011110100111,00001111010110100111,0010111,1
0010111,10,00001111011110100111,00001111001110100111,0010111,1
0010111,11,00001111011110100111,00001111111110100111,0010111,1
0010111,12,00001111011110100111,00001110011110100111,0010111,1
0010111,13,00001111011110100111,00001101011110100111,0010111,1
0010111,14,00001111011110100111,00001011011110100111,0010111,1
0010111,15,00001111011110100111,00000111011110100111,0010111,1
0010111,16,00001111011110100111,00011111011110100111,0010111,1
0010111,17,00001111011110100111,00101111011110100111,0010111,1
0010111,18,00001111011110100111,01001111011110100111,0010111,1
0010111,19,00001111011110100111,10001111011110100111,0010111,1
0011000,-1,00001100010111000000,00001100010111000000,0011000,1
0011000,0,00001100010111000000,00001100010111000001,0011000,1
0011000,1,00001100010111000000,00001100010111000010,0011000,1
0011000,2,00001100010111000000,00001100010111000100,0011000,1
0011000,3,00001100010111000000,00001100010111001000,0011000,1
0011000,4,00001100010111000000,00001100010111010000,0011000,1
0011000,5,00001100010111000000,00001100010111100000,0011000,1
0011000,6,00001100010111000000,00001100010110000000,0011000,1
0011000,7,00001100010111000000,00001100010101000000,0011000,1
0011000,8,00001100010111000000,00001100010011000000,0011000,1
0011000,9,00001100010111000000,00001100011111000000,0011000,1
0011000,10,00001100010111000000,00001100000111000000,0011000,1
0011000,11,00001100010111000000,00001100110111000000,0011000,1
0011000,12,00001100010111000000,00001101010111000000,0011000,1
0011000,13,00001100010111000000,00001110010111000000,0011000,1
0011000,14,00001100010111000000,00001000010111000000,0011000,1
0011000,15,00001100010111000000,00000100010111000000,0011000,1
0011000,16,00001100010111000000,00011100010111000000,0011000,1
0011000,17,00001100010111000000,00101100010111000000,0011000,1
0011000,18,00001100010111000000,01001100010111000000,0011000,1
0011000,19,00001100010111000000,10001100010111000000,0011000,1
0011001,-1,00001100010100111011,00001100010100111011,0011001,1
0011001,0,00001100010100111011,00001100010100111010,0011001,1
0011001,1,00001100010100111011,00001100010100111001,0011001,1
0011001,2,00001100010100111011,00001100010100111111,0011001,1
0011001,3,00001100010100111011,00001100010100110011,0011001,1
0011001,4,00001100010100111011,00001100010100101011,0011001,1
0011001,5,00001100010100111011,00001100010100011011,0011001,1
0011001,6,00001100010100111011,00001100010101111011,0011001,1
0011001,7,00001100010100111011,00001100010110111011,0011001,1
0011001,8,00001100010100111011,00001100010000111011,0011001,1
0011001,9,00001100010100111011,00001100011100111011,0011001,1
0011001,10,00001100010100111011,00001100000100111011,0011001,1
0011001,11,00001100010100111011,00001100110100111011,0011001,1
0011001,12,00001100010100111011,00001101010100111011,0011001,1
0011001,13,00001100010100111011,00001110010100111011,0011001,1
0011001,14,00001100010100111011,00001000010100111011,0011001,1
0011001,15,00001100010100111011,00000100010100111011,0011001,1
0011001,16,00001100010100111011,00011100010100111011,0011001,1
0011001,17,00001100010100111011,00101100010100111011,0011001,1
0011001,18,00001100010100111011,01001100010100111011,0011001,1
0011001,19,00001100010100111011,10001100010100111011,0011001,1
0011010,-1,00001100011000101100,00001100011000101100,0011010,1
0011010,0,00001100011000101100,00001100011000101101,0011010,1
0011010,1,00001100011000101100,00001100011000101110,0011010,1
0011010,2,00001100011000101100,00001100011000101000,0011010,1
0011010,3,00001100011000101100,00001100011000100100,0011010,1
0011010,4,00001100011000101100,00001100011000111100,0011010,1
0011010,5,00001100011000101100,00001100011000001100,0011010,1
0011010,6,00001100011000101100,00001100011001101100,0011010,1
0011010,7,00001100011000101100,00001100011010101100,0011010,1
0011010,8,00001100011000101100,00001100011100101100,0011010,1
0011010,9,00001100011000101100,00001100010000101100,0011010,1
0011010,10,00001100011000101100,00001100001000101100,0011010,1
0011010,11,00001100011000101100,00001100111000101100,0011010,1
0011010,12,00001100011000101100,00001101011000101100,0011010,1
0011010,13,00001100011000101100,00001110011000101100,0011010,1
0011010,14,00001100011000101100,00001000011000101100,0011010,1
0011010,15,00001100011000101100,00000100011000101100,0011010,1
0011010,16,00001100011000101100,00011100011000101100,0011010,1
0011010,17,00001100011000101100,00101100011000101100,0011010,1
0011010,18,00001100011000101100,01001100011000101100,0011010,1
0011010,19,00001100011000101100,10001100011000101100,0011010,1
0011011,-1,00001100011011010111,00001100011011010111,0011011,1
0011011,0,00001100011011010111,00001100011011010110,0011011,1
0011011,1,00001100011011010111,00001100011011010101,0011011,1
0011011,2,00001100011011010111,00001100011011010011,0011011,1
0011011,3,00001100011011010111,00001100011011011111,0011011,1
0011011,4,00001100011011010111,00001100011011000111,0011011,1
0011011,5,00001100011011010111,00001100011011110111,0011011,1
0011011,6,00001100011011010111,00001100011010010111,0011011,1
0011011,7,00001100011011010111,00001100011001010111,0011011,1
0011011,8,00001100011011010111,00001100011111010111,0011011,1
0011011,9,00001100011011010111,00001100010011010111,0011011,1
0011011,10,00001100011011010111,00001100001011010111,0011011,1
0011011,11,00001100011011010111,00001100111011010111,0011011,1
0011011,12,00001100011011010111,00001101011011010111,0011011,1
0011011,13,00001100011011010111,00001110011011010111,0011011,1
0011011,14,00001100011011010111,00001000011011010111,0011011,1
0011011,15,00001100011011010111,00000100011011010111,0011011,1
0011011,16,00001100011011010111,00011100011011010111,0011011,1
0011011,17,00001100011011010111,00101100011011010111,0011011,1
0011011,18,00001100011011010111,01001100011011010111,0011011,1
0011011,19,00001100011011010111,10001100011011010111,0011011,1
0011100,-1,00001100101001110000,00001100101001110000,0011100,1
0011100,0,00001100101001110000,00001100101001110001,0011100,1
0011100,1,00001100101001110000,00001100101001110010,0011100,1
0011100,2,00001100101001110000,00001100101001110100,0011100,1
0011100,3,00001100101001110000,00001100101001111000,0011100,1
0011100,4,00001100101001110000,00001100101001100000,0011100,1
0011100,5,00001100101001110000,00001100101001010000,0011100,1
0011100,6,00001100101001110000,00001100101000110000,0011100,1
0011100,7,00001100101001110000,00001100101011110000,0011100,1
0011100,8,00001100101001110000,00001100101101110000,0011100,1
0011100,9,00001100101001110000,00001100100001110000,0011100,1
0011100,10,00001100101001110000,00001100111001110000,0011100,1
0011100,11,00001100101001110000,00001100001001110000,0011100,1
0011100,12,00001100101001110000,00001101101001110000,0011100,1
0011100,13,00001100101001110000,00001110101001110000,0011100,1
0011100,14,00001100101001110000,00001000101001110000,0011100,1
0011100,15,00001100101001110000,00000100101001110000,0011100,1
0011100,16,00001100101001110000,00011100101001110000,0011100,1
0011100,17,00001100101001110000,00101100101001110000,0011100,1
0011100,18,00001100101001110000,01001100101001110000,0011100,1
0011100,19,00001100101001110000,10001100101001110000,0011100,1
0011101,-1,00001100101010001011,00001100101010001011,0011101,1
0011101,0,00001100101010001011,00001100101010001010,0011101,1
0011101,1,00001100101010001011,00001100101010001001,0011101,1
0011101,2,00001100101010001011,00001100101010001111,0011101,1
0011101,3,00001100101010001011,00001100101010000011,0011101,1
0011101,4,00001100101010001011,00001100101010011011,0011101,1
0011101,5,00001100101010001011,00001100101010101011,0011101,1
0011101,6,00001100101010001011,00001100101011001011,0011101,1
0011101,7,00001100101010001011,00001100101000001011,0011101,1
0011101,8,00001100101010001011,00001100101110001011,0011101,1
0011101,9,00001100101010001011,00001100100010001011,0011101,1
0011101,10,00001100101010001011,00001100111010001011,0011101,1
0011101,11,00001100101010001011,00001100001010001011,0011101,1
0011101,12,00001100101010001011,00001101101010001011,0011101,1
0011101,13,00001100101010001011,00001110101010001011,0011101,1
0011101,14,00001100101010001011,00001000101010001011,0011101,1
0011101,15,00001100101010001011,00000100101010001011,0011101,1
0011101,16,00001100101010001011,00011100101010001011,0011101,1
0011101,17,00001100101010001011,00101100101010001011,0011101,1
0011101,18,00001100101010001011,01001100101010001011,0011101,1
0011101,19,00001100101010001011,10001100101010001011,0011101,1
0011110,-1,00001100100110011100,00001100100110011100,0011110,1
0011110,0,00001100100110011100,00001100100110011101,0011110,1
0011110,1,00001100100110011100,00001100100110011110,0011110,1
0011110,2,00001100100110011100,00001100100110011000,0011110,1
0011110,3,00001100100110011100,00001100100110010100,0011110,1
0011110,4,00001100100110011100,00001100100110001100,0011110,1
0011110,5,00001100100110011100,00001100100110111100,0011110,1
0011110,6,00001100100110011100,00001100100111011100,0011110,1
0011110,7,00001100100110011100,00001100100100011100,0011110,1
0011110,8,00001100100110011100,00001100100010011100,0011110,1
0011110,9,00001100100110011100,00001100101110011100,0011110,1
0011110,10,00001100100110011100,00001100110110011100,0011110,1
0011110,11,00001100100110011100,00001100000110011100,0011110,1
0011110,12,00001100100110011100,00001101100110011100,0011110,1
0011110,13,00001100100110011100,00001110100110011100,0011110,1
0011110,14,00001100100110011100,00001000100110011100,0011110,1
0011110,15,00001100100110011100,00000100100110011100,0011110,1
0011110,16,00001100100110011100,00011100100110011100,0011110,1
0011110,17,00001100100110011100,00101100100110011100,0011110,1
0011110,18,00001100100110011100,01001100100110011100,0011110,1
0011110,19,00001100100110011100,10001100100110011100,0011110,1
0011111,-1,00001100100101100111,00001100100101100111,0011111,1
0011111,0,00001100100101100111,00001100100101100110,0011111,1
0011111,1,00001100100101100111,00001100100101100101,0011111,1
0011111,2,00001100100101100111,00001100100101100011,0011111,1
0011111,3,00001100100101100111,00001100100101101111,0011111,1
0011111,4,00001100100101100111,00001100100101110111,0011111,1
0011111,5,00001100100101100111,00001100100101000111,0011111,1
0011111,6,00001100100101100111,00001100100100100111,0011111,1
0011111,7,00001100100101100111,00001100100111100111,0011111,1
0011111,8,00001100100101100111,00001100100001100111,0011111,1
0011111,9,00001100100101100111,00001100101101100111,0011111,1
0011111,10,00001100100101100111,00001100110101100111,0011111,1
0011111,11,00001100100101100111,00001100000101100111,0011111,1
0011111,12,00001100100101100111,00001101100101100111,0011111,1
0011111,13,00001100100101100111,00001110100101100111,0011111,1
0011111,14,00001100100101100111,00001000100101100111,0011111,1
0011111,15,00001100100101100111,00000100100101100111,0011111,1
0011111,16,00001100100101100111,00011100100101100111,0011111,1
0011111,17,00001100100101100111,00101100100101100111,0011111,1
0011111,18,00001100100101100111,01001100100101100111,0011111,1
0011111,19,00001100100101100111,10001100100101100111,0011111,1
0100000,-1,00111110110000000000,00111110110000000000,0100000,1
0100000,0,00111110110000000000,00111110110000000001,0100000,1
0100000,1,00111110110000000000,00111110110000000010,0100000,1
0100000,2,00111110110000000000,00111110110000000100,0100000,1
0100000,3,00111110110000000000,00111110110000001000,0100000,1
0100000,4,00111110110000000000,00111110110000010000,0100000,1
0100000,5,00111110110000000000,00111110110000100000,0100000,1
0100000,6,00111110110000000000,00111110110001000000,0100000,1
0100000,7,00111110110000000000,00111110110010000000,0100000,1
0100000,8,00111110110000000000,00111110110100000000,0100000,1
0100000,9,00111110110000000000,00111110111000000000,0100000,1
0100000,10,00111110110000000000,00111110100000000000,0100000,1
0100000,11,00111110110000000000,00111110010000000000,0100000,1
0100000,12,00111110110000000000,00111111110000000000,0100000,1
0100000,13,00111110110000000000,00111100110000000000,0100000,1
0100000,14,00111110110000000000,00111010110000000000,0100000,1
0100000,15,00111110110000000000,00110110110000000000,0100000,1
0100000,16,00111110110000000000,00101110110000000000,0100000,1
0100000,17,00111110110000000000,00011110110000000000,0100000,1
0100000,18,00111110110000000000,01111110110000000000,0100000,1
0100000,19,00111110110000000000,10111110110000000000,0100000,1
0100001,-1,00111110110011111011,00111110110011111011,0100001,1
0100001,0,00111110110011111011,00111110110011111010,0100001,1
0100001,1,00111110110011111011,00111110110011111001,0100001,1
0100001,2,00111110110011111011,00111110110011111111,0100001,1
0100001,3,00111110110011111011,00111110110011110011,0100001,1
0100001,4,00111110110011111011,00111110110011101011,0100001,1
0100001,5,00111110110011111011,00111110110011011011,0100001,1
0100001,6,00111110110011111011,00111110110010111011,0100001,1
0100001,7,00111110110011111011,00111110110001111011,0100001,1
0100001,8,00111110110011111011,00111110110111111011,0100001,1
0100001,9,00111110110011111011,00111110111011111011,0100001,1
0100001,10,00111110110011111011,00111110100011111011,0100001,1
0100001,11,00111110110011111011,00111110010011111011,0100001,1
0100001,12,00111110110011111011,00111111110011111011,0100001,1
0100001,13,00111110110011111011,00111100110011111011,0100001,1
0100001,14,00111110110011111011,00111010110011111011,0100001,1
0100001,15,00111110110011111011,00110110110011111011,0100001,1
0100001,16,00111110110011111011,00101110110011111011,0100001,1
0100001,17,00111110110011111011,00011110110011111011,0100001,1
0100001,18,00111110110011111011,01111110110011111011,0100001,1
0100001,19,00111110110011111011,10111110110011111011,0100001,1
0100010,-1,00111110111111101100,00111110111111101100,0100010,1
0100010,0,00111110111111101100,00111110111111101101,0100010,1
0100010,1,00111110111111101100,00111110111111101110,0100010,1
0100010,2,00111110111111101100,00111110111111101000,0100010,1
0100010,3,00111110111111101100,00111110111111100100,0100010,1
0100010,4,00111110111111101100,00111110111111111100,0100010,1
0100010,5,00111110111111101100,00111110111111001100,0100010,1
0100010,6,00111110111111101100,00111110111110101100,0100010,1
0100010,7,00111110111111101100,00111110111101101100,0100010,1
0100010,8,00111110111111101100,00111110111011101100,0100010,1
0100010,9,00111110111111101100,00111110110111101100,0100010,1
0100010,10,00111110111111101100,00111110101111101100,0100010,1
0100010,11,00111110111111101100,00111110011111101100,0100010,1
0100010,12,00111110111111101100,00111111111111101100,0100010,1
0100010,13,00111110111111101100,00111100111111101100,0100010,1
0100010,14,00111110111111101100,00111010111111101100,0100010,1
0100010,15,00111110111111101100,00110110111111101100,0100010,1
0100010,16,00111110111111101100,00101110111111101100,0100010,1
0100010,17,00111110111111101100,00011110111111101100,0100010,1
0100010,18,00111110111111101100,01111110111111101100,0100010,1
0100010,19,00111110111111101100,10111110111111101100,0100010,1
0100011,-1,00111110111100010111,00111110111100010111,0100011,1
0100011,0,00111110111100010111,00111110111100010110,0100011,1
0100011,1,00111110111100010111,00111110111100010101,0100011,1
0100011,2,00111110111100010111,00111110111100010011,0100011,1
0100011,3,00111110111100010111,00111110111100011111,0100011,1
0100011,4,00111110111100010111,00111110111100000111,0100011,1
0100011,5,00111110111100010111,00111110111100110111,0100011,1
0100011,6,00111110111100010111,00111110111101010111,0100011,1
0100011,7,00111110111100010111,00111110111110010111,0100011,1
0100011,8,00111110111100010111,00111110111000010111,0100011,1
0100011,9,00111110111100010111,00111110110100010111,0100011,1
0100011,10,00111110111100010111,00111110101100010111,0100011,1
0100011,11,00111110111100010111,00111110011100010111,0100011,1
0100011,12,00111110111100010111,00111111111100010111,0100011,1
0100011,13,00111110111100010111,00111100111100010111,0100011,1
0100011,14,00111110111100010111,00111010111100010111,0100011,1
0100011,15,00111110111100010111,00110110111100010111,0100011,1
0100011,16,00111110111100010111,00101110111100010111,0100011,1
0100011,17,00111110111100010111,00011110111100010111,0100011,1
0100011,18,00111110111100010111,01111110111100010111,0100011,1
0100011,19,00111110111100010111,10111110111100010111,0100011,1
0100100,-1,00111110001110110000,00111110001110110000,0100100,1
0100100,0,00111110001110110000,00111110001110110001,0100100,1
0100100,1,00111110001110110000,00111110001110110010,0100100,1
0100100,2,00111110001110110000,00111110001110110100,0100100,1
0100100,3,00111110001110110000,00111110001110111000,0100100,1
0100100,4,00111110001110110000,00111110001110100000,0100100,1
0100100,5,00111110001110110000,00111110001110010000,0100100,1
0100100,6,00111110001110110000,00111110001111110000,0100100,1
0100100,7,00111110001110110000,00111110001100110000,0100100,1
0100100,8,00111110001110110000,00111110001010110000,0100100,1
0100100,9,00111110001110110000,00111110000110110000,0100100,1
0100100,10,00111110001110110000,00111110011110110000,0100100,1
0100100,11,00111110001110110000,00111110101110110000,0100100,1
0100100,12,00111110001110110000,00111111001110110000,0100100,1
0100100,13,00111110001110110000,00111100001110110000,0100100,1
0100100,14,00111110001110110000,00111010001110110000,0100100,1
0100100,15,00111110001110110000,00110110001110110000,0100100,1
0100100,16,00111110001110110000,00101110001110110000,0100100,1
0100100,17,00111110001110110000,00011110001110110000,0100100,1
0100100,18,00111110001110110000,01111110001110110000,0100100,1
0100100,19,00111110001110110000,10111110001110110000,0100100,1
0100101,-1,00111110001101001011,00111110001101001011,0100101,1
0100101,0,00111110001101001011,00111110001101001010,0100101,1
0100101,1,00111110001101001011,00111110001101001001,0100101,1
0100101,2,00111110001101001011,00111110001101001111,0100101,1
0100101,3,00111110001101001011,00111110001101000011,0100101,1
0100101,4,00111110001101001011,00111110001101011011,0100101,1
0100101,5,00111110001101001011,00111110001101101011,0100101,1
0100101,6,00111110001101001011,00111110001100001011,0100101,1
0100101,7,00111110001101001011,00111110001111001011,0100101,1
0100101,8,00111110001101001011,00111110001001001011,0100101,1
0100101,9,00111110001101001011,00111110000101001011,0100101,1
0100101,10,00111110001101001011,00111110011101001011,0100101,1
0100101,11,00111110001101001011,00111110101101001011,0100101,1
0100101,12,00111110001101001011,00111111001101001011,0100101,1
0100101,13,00111110001101001011,00111100001101001011,0100101,1
0100101,14,00111110001101001011,00111010001101001011,0100101,1
0100101,15,00111110001101001011,00110110001101001011,0100101,1
0100101,16,00111110001101001011,00101110001101001011,0100101,1
0100101,17,00111110001101001011,00011110001101001011,0100101,1
0100101,18,00111110001101001011,01111110001101001011,0100101,1
0100101,19,00111110001101001011,10111110001101001011,0100101,1
0100110,-1,00111110000001011100,00111110000001011100,0100110,1
0100110,0,00111110000001011100,00111110000001011101,0100110,1
0100110,1,00111110000001011100,00111110000001011110,0100110,1
0100110,2,00111110000001011100,00111110000001011000,0100110,1
0100110,3,00111110000001011100,00111110000001010100,0100110,1
0100110,4,00111110000001011100,00111110000001001100,0100110,1
0100110,5,00111110000001011100,00111110000001111100,0100110,1
0100110,6,00111110000001011100,00111110000000011100,0100110,1
0100110,7,00111110000001011100,00111110000011011100,0100110,1
0100110,8,00111110000001011100,00111110000101011100,0100110,1
0100110,9,00111110000001011100,00111110001001011100,0100110,1
0100110,10,00111110000001011100,00111110010001011100,0100110,1
0100110,11,00111110000001011100,00111110100001011100,0100110,1
0100110,12,00111110000001011100,00111111000001011100,0100110,1
0100110,13,00111110000001011100,00111100000001011100,0100110,1
0100110,14,00111110000001011100,00111010000001011100,0100110,1
0100110,15,00111110000001011100,00110110000001011100,0100110,1
0100110,16,00111110000001011100,00101110000001011100,0100110,1
0100110,17,00111110000001011100,00011110000001011100,0100110,1
0100110,18,00111110000001011100,01111110000001011100,0100110,1
0100110,19,00111110000001011100,10111110000001011100,0100110,1
0100111,-1,00111110000010100111,00111110000010100111,0100111,1
0100111,0,00111110000010100111,00111110000010100110,0100111,1
0100111,1,00111110000010100111,00111110000010100101,0100111,1
0100111,2,00111110000010100111,00111110000010100011,0100111,1
0100111,3,00111110000010100111,00111110000010101111,0100111,1
0100111,4,00111110000010100111,00111110000010110111,0100111,1
0100111,5,00111110000010100111,00111110000010000111,0100111,1
0100111,6,00111110000010100111,00111110000011100111,0100111,1
0100111,7,00111110000010100111,00111110000000100111,0100111,1
0100111,8,00111110000010100111,00111110000110100111,0100111,1
0100111,9,00111110000010100111,00111110001010100111,0100111,1
0100111,10,00111110000010100111,00111110010010100111,0100111,1
0100111,11,00111110000010100111,00111110100010100111,0100111,1
0100111,12,00111110000010100111,00111111000010100111,0100111,1
0100111,13,00111110000010100111,00111100000010100111,0100111,1
0100111,14,00111110000010100111,00111010000010100111,0100111,1
0100111,15,00111110000010100111,00110110000010100111,0100111,1
0100111,16,00111110000010100111,00101110000010100111,0100111,1
0100111,17,00111110000010100111,00011110000010100111,0100111,1
0100111,18,00111110000010100111,01111110000010100111,0100111,1
0100111,19,00111110000010100111,10111110000010100111,0100111,1
0101000,-1,00111101001011000000,00111101001011000000,0101000,1
0101000,0,00111101001011000000,00111101001011000001,0101000,1
0101000,1,00111101001011000000,00111101001011000010,0101000,1
0101000,2,00111101001011000000,00111101001011000100,0101000,1
0101000,3,00111101001011000000,00111101001011001000,0101000,1
0101000,4,00111101001011000000,00111101001011010000,0101000,1
0101000,5,00111101001011000000,00111101001011100000,0101000,1
0101000,6,00111101001011000000,00111101001010000000,0101000,1
0101000,7,00111101001011000000,00111101001001000000,0101000,1
0101000,8,00111101001011000000,00111101001111000000,0101000,1
0101000,9,00111101001011000000,00111101000011000000,0101000,1
0101000,10,00111101001011000000,00111101011011000000,0101000,1
0101000,11,00111101001011000000,00111101101011000000,0101000,1
0101000,12,00111101001011000000,00111100001011000000,0101000,1
0101000,13,00111101001011000000,00111111001011000000,0101000,1
0101000,14,00111101001011000000,00111001001011000000,0101000,1
0101000,15,00111101001011000000,00110101001011000000,0101000,1
0101000,16,00111101001011000000,00101101001011000000,0101000,1
0101000,17,00111101001011000000,00011101001011000000,0101000,1
0101000,18,00111101001011000000,01111101001011000000,0101000,1
0101000,19,00111101001011000000,10111101001011000000,0101000,1
0101001,-1,00111101001000111011,00111101001000111011,0101001,1
0101001,0,00111101001000111011,00111101001000111010,0101001,1
0101001,1,00111101001000111011,00111101001000111001,0101001,1
0101001,2,00111101001000111011,00111101001000111111,0101001,1
0101001,3,00111101001000111011,00111101001000110011,0101001,1
0101001,4,00111101001000111011,00111101001000101011,0101001,1
0101001,5,00111101001000111011,00111101001000011011,0101001,1
0101001,6,00111101001000111011,00111101001001111011,0101001,1
0101001,7,00111101001000111011,00111101001010111011,0101001,1
0101001,8,00111101001000111011,00111101001100111011,0101001,1
0101001,9,00111101001000111011,00111101000000111011,0101001,1
0101001,10,00111101001000111011,00111101011000111011,0101001,1
0101001,11,00111101001000111011,00111101101000111011,0101001,1
0101001,12,00111101001000111011,00111100001000111011,0101001,1
0101001,13,00111101001000111011,00111111001000111011,0101001,1
0101001,14,00111101001000111011,00111001001000111011,0101001,1
0101001,15,00111101001000111011,00110101001000111011,0101001,1
0101001,16,00111101001000111011,00101101001000111011,0101001,1
0101001,17,00111101001000111011,00011101001000111011,0101001,1
0101001,18,00111101001000111011,01111101001000111011,0101001,1
0101001,19,00111101001000111011,10111101001000111011,0101001,1
0101010,-1,00111101000100101100,00111101000100101100,0101010,1
0101010,0,00111101000100101100,00111101000100101101,0101010,1
0101010,1,00111101000100101100,00111101000100101110,0101010,1
0101010,2,00111101000100101100,00111101000100101000,0101010,1
0101010,3,00111101000100101100,00111101000100100100,0101010,1
0101010,4,00111101000100101100,00111101000100111100,0101010,1
0101010,5,00111101000100101100,00111101000100001100,0101010,1
0101010,6,00111101000100101100,00111101000101101100,0101010,1
0101010,7,00111101000100101100,00111101000110101100,0101010,1
0101010,8,00111101000100101100,00111101000000101100,0101010,1
0101010,9,00111101000100101100,00111101001100101100,0101010,1
0101010,10,00111101000100101100,00111101010100101100,0101010,1
0101010,11,00111101000100101100,00111101100100101100,0101010,1
0101010,12,00111101000100101100,00111100000100101100,0101010,1
0101010,13,00111101000100101100,00111111000100101100,0101010,1
0101010,14,00111101000100101100,00111001000100101100,0101010,1
0101010,15,00111101000100101100,00110101000100101100,0101010,1
0101010,16,00111101000100101100,00101101000100101100,0101010,1
0101010,17,00111101000100101100,00011101000100101100,0101010,1
0101010,18,00111101000100101100,01111101000100101100,0101010,1
0101010,19,00111101000100101100,10111101000100101100,0101010,1
0101011,-1,00111101000111010111,00111101000111010111,0101011,1
0101011,0,00111101000111010111,00111101000111010110,0101011,1
0101011,1,00111101000111010111,00111101000111010101,0101011,1
0101011,2,00111101000111010111,00111101000111010011,0101011,1
0101011,3,00111101000111010111,00111101000111011111,0101011,1
0101011,4,00111101000111010111,00111101000111000111,0101011,1
0101011,5,00111101000111010111,00111101000111110111,0101011,1
0101011,6,00111101000111010111,00111101000110010111,0101011,1
0101011,7,00111101000111010111,00111101000101010111,0101011,1
0101011,8,00111101000111010111,00111101000011010111,0101011,1
0101011,9,00111101000111010111,00111101001111010111,0101011,1
0101011,10,00111101000111010111,00111101010111010111,0101011,1
0101011,11,00111101000111010111,00111101100111010111,0101011,1
0101011,12,00111101000111010111,00111100000111010111,0101011,1
0101011,13,00111101000111010111,00111111000111010111,0101011,1
0101011,14,00111101000111010111,00111001000111010111,0101011,1
0101011,15,00111101000111010111,00110101000111010111,0101011,1
0101011,16,00111101000111010111,00101101000111010111,0101011,1
0101011,17,00111101000111010111,00011101000111010111,0101011,1
0101011,18,00111101000111010111,01111101000111010111,0101011,1
0101011,19,00111101000111010111,10111101000111010111,0101011,1
0101100,-1,00111101110101110000,00111101110101110000,0101100,1
0101100,0,00111101110101110000,00111101110101110001,0101100,1
0101100,1,00111101110101110000,00111101110101110010,0101100,1
0101100,2,00111101110101110000,00111101110101110100,0101100,1
0101100,3,00111101110101110000,00111101110101111000,0101100,1
0101100,4,00111101110101110000,00111101110101100000,0101100,1
0101100,5,00111101110101110000,00111101110101010000,0101100,1
0101100,6,00111101110101110000,00111101110100110000,0101100,1
0101100,7,00111101110101110000,00111101110111110000,0101100,1
0101100,8,00111101110101110000,00111101110001110000,0101100,1
0101100,9,00111101110101110000,00111101111101110000,0101100,1
0101100,10,00111101110101110000,00111101100101110000,0101100,1
0101100,11,00111101110101110000,00111101010101110000,0101100,1
0101100,12,00111101110101110000,00111100110101110000,0101100,1
0101100,13,00111101110101110000,00111111110101110000,0101100,1
0101100,14,00111101110101110000,00111001110101110000,0101100,1
0101100,15,00111101110101110000,00110101110101110000,0101100,1
0101100,16,00111101110101110000,00101101110101110000,0101100,1
0101100,17,00111101110101110000,00011101110101110000,0101100,1
0101100,18,00111101110101110000,01111101110101110000,0101100,1
0101100,19,00111101110101110000,10111101110101110000,0101100,1
0101101,-1,00111101110110001011,00111101110110001011,0101101,1
0101101,0,00111101110110001011,00111101110110001010,0101101,1
0101101,1,00111101110110001011,00111101110110001001,0101101,1
0101101,2,00111101110110001011,00111101110110001111,0101101,1
0101101,3,00111101110110001011,00111101110110000011,0101101,1
0101101,4,00111101110110001011,00111101110110011011,0101101,1
0101101,5,00111101110110001011,00111101110110101011,0101101,1
0101101,6,00111101110110001011,00111101110111001011,0101101,1
0101101,7,00111101110110001011,00111101110100001011,0101101,1
0101101,8,00111101110110001011,00111101110010001011,0101101,1
0101101,9,00111101110110001011,00111101111110001011,0101101,1
0101101,10,00111101110110001011,00111101100110001011,0101101,1
0101101,11,00111101110110001011,00111101010110001011,0101101,1
0101101,12,00111101110110001011,00111100110110001011,0101101,1
0101101,13,00111101110110001011,00111111110110001011,0101101,1
0101101,14,00111101110110001011,00111001110110001011,0101101,1
0101101,15,00111101110110001011,00110101110110001011,0101101,1
0101101,16,00111101110110001011,00101101110110001011,0101101,1
0101101,17,00111101110110001011,00011101110110001011,0101101,1
0101101,18,00111101110110001011,01111101110110001011,0101101,1
0101101,19,00111101110110001011,10111101110110001011,0101101,1
0101110,-1,00111101111010011100,00111101111010011100,0101110,1
0101110,0,00111101111010011100,00111101111010011101,0101110,1
0101110,1,00111101111010011100,00111101111010011110,0101110,1
0101110,2,00111101111010011100,00111101111010011000,0101110,1
0101110,3,00111101111010011100,00111101111010010100,0101110,1
0101110,4,00111101111010011100,00111101111010001100,0101110,1
0101110,5,00111101111010011100,00111101111010111100,0101110,1
0101110,6,00111101111010011100,00111101111011011100,0101110,1
0101110,7,00111101111010011100,00111101111000011100,0101110,1
0101110,8,00111101111010011100,00111101111110011100,0101110,1
0101110,9,00111101111010011100,00111101110010011100,0101110,1
0101110,10,00111101111010011100,00111101101010011100,0101110,1
0101110,11,00111101111010011100,00111101011010011100,0101110,1
0101110,12,00111101111010011100,00111100111010011100,0101110,1
0101110,13,00111101111010011100,00111111111010011100,0101110,1
0101110,14,00111101111010011100,00111001111010011100,0101110,1
0101110,15,00111101111010011100,00110101111010011100,0101110,1
0101110,16,00111101111010011100,00101101111010011100,0101110,1
0101110,17,00111101111010011100,00011101111010011100,0101110,1
0101110,18,00111101111010011100,01111101111010011100,0101110,1
0101110,19,00111101111010011100,10111101111010011100,0101110,1
0101111,-1,00111101111001100111,00111101111001100111,0101111,1
0101111,0,00111101111001100111,00111101111001100110,0101111,1
0101111,1,00111101111001100111,00111101111001100101,0101111,1
0101111,2,00111101111001100111,00111101111001100011,0101111,1
0101111,3,00111101111001100111,00111101111001101111,0101111,1
0101111,4,00111101111001100111,00111101111001110111,0101111,1
0101111,5,00111101111001100111,00111101111001000111,0101111,1
0101111,6,00111101111001100111,00111101111000100111,0101111,1
0101111,7,00111101111001100111,00111101111011100111,0101111,1
0101111,8,00111101111001100111,00111101111101100111,0101111,1
0101111,9,00111101111001100111,00111101110001100111,0101111,1
0101111,10,00111101111001100111,00111101101001100111,0101111,1
0101111,11,00111101111001100111,00111101011001100111,0101111,1
0101111,12,00111101111001100111,00111100111001100111,0101111,1
0101111,13,00111101111001100111,00111111111001100111,0101111,1
0101111,14,00111101111001100111,00111001111001100111,0101111,1
0101111,15,00111101111001100111,00110101111001100111,0101111,1
0101111,16,00111101111001100111,00101101111001100111,0101111,1
0101111,17,00111101111001100111,00011101111001100111,0101111,1
0101111,18,00111101111001100111,01111101111001100111,0101111,1
0101111,19,00111101111001100111,10111101111001100111,0101111,1
0110000,-1,00110001011100000000,00110001011100000000,0110000,1
0110000,0,00110001011100000000,00110001011100000001,0110000,1
0110000,1,00110001011100000000,00110001011100000010,0110000,1
0110000,2,00110001011100000000,00110001011100000100,0110000,1
0110000,3,00110001011100000000,00110001011100001000,0110000,1
0110000,4,00110001011100000000,00110001011100010000,0110000,1
0110000,5,00110001011100000000,00110001011100100000,0110000,1
0110000,6,00110001011100000000,00110001011101000000,0110000,1
0110000,7,00110001011100000000,00110001011110000000,0110000,1
0110000,8,00110001011100000000,00110001011000000000,0110000,1
0110000,9,00110001011100000000,00110001010100000000,0110000,1
0110000,10,00110001011100000000,00110001001100000000,0110000,1
0110000,11,00110001011100000000,00110001111100000000,0110000,1
0110000,12,00110001011100000000,00110000011100000000,0110000,1
0110000,13,00110001011100000000,00110011011100000000,0110000,1
0110000,14,00110001011100000000,00110101011100000000,0110000,1
0110000,15,00110001011100000000,00111001011100000000,0110000,1
0110000,16,00110001011100000000,00100001011100000000,0110000,1
0110000,17,00110001011100000000,00010001011100000000,0110000,1
0110000,18,00110001011100000000,01110001011100000000,0110000,1
0110000,19,00110001011100000000,10110001011100000000,0110000,1
0110001,-1,00110001011111111011,00110001011111111011,0110001,1
0110001,0,00110001011111111011,00110001011111111010,0110001,1
0110001,1,00110001011111111011,00110001011111111001,0110001,1
0110001,2,00110001011111111011,00110001011111111111,0110001,1
0110001,3,00110001011111111011,00110001011111110011,0110001,1
0110001,4,00110001011111111011,00110001011111101011,0110001,1
0110001,5,00110001011111111011,00110001011111011011,0110001,1
0110001,6,00110001011111111011,00110001011110111011,0110001,1
0110001,7,00110001011111111011,00110001011101111011,0110001,1
0110001,8,00110001011111111011,00110001011011111011,0110001,1
0110001,9,00110001011111111011,00110001010111111011,0110001,1
0110001,10,00110001011111111011,00110001001111111011,0110001,1
0110001,11,00110001011111111011,00110001111111111011,0110001,1
0110001,12,00110001011111111011,00110000011111111011,0110001,1
0110001,13,00110001011111111011,00110011011111111011,0110001,1
0110001,14,00110001011111111011,00110101011111111011,0110001,1
0110001,15,00110001011111111011,00111001011111111011,0110001,1
0110001,16,00110001011111111011,00100001011111111011,0110001,1
0110001,17,00110001011111111011,00010001011111111011,0110001,1
0110001,18,00110001011111111011,01110001011111111011,0110001,1
0110001,19,00110001011111111011,10110001011111111011,0110001,1
0110010,-1,00110001010011101100,00110001010011101100,0110010,1
0110010,0,00110001010011101100,00110001010011101101,0110010,1
0110010,1,00110001010011101100,00110001010011101110,0110010,1
0110010,2,00110001010011101100,00110001010011101000,0110010,1
0110010,3,00110001010011101100,00110001010011100100,0110010,1
0110010,4,00110001010011101100,00110001010011111100,0110010,1
0110010,5,00110001010011101100,00110001010011001100,0110010,1
0110010,6,00110001010011101100,00110001010010101100,0110010,1
0110010,7,00110001010011101100,00110001010001101100,0110010,1
0110010,8,00110001010011101100,00110001010111101100,0110010,1
0110010,9,00110001010011101100,00110001011011101100,0110010,1
0110010,10,00110001010011101100,00110001000011101100,0110010,1
0110010,11,00110001010011101100,00110001110011101100,0110010,1
0110010,12,00110001010011101100,00110000010011101100,0110010,1
0110010,13,00110001010011101100,00110011010011101100,0110010,1
0110010,14,00110001010011101100,00110101010011101100,0110010,1
0110010,15,00110001010011101100,00111001010011101100,0110010,1
0110010,16,00110001010011101100,00100001010011101100,0110010,1
0110010,17,00110001010011101100,00010001010011101100,0110010,1
0110010,18,00110001010011101100,01110001010011101100,0110010,1
0110010,19,00110001010011101100,10110001010011101100,0110010,1
0110011,-1,00110001010000010111,00110001010000010111,0110011,1
0110011,0,00110001010000010111,00110001010000010110,0110011,1
0110011,1,00110001010000010111,00110001010000010101,0110011,1
0110011,2,00110001010000010111,00110001010000010011,0110011,1
0110011,3,00110001010000010111,00110001010000011111,0110011,1
0110011,4,00110001010000010111,00110001010000000111,0110011,1
0110011,5,00110001010000010111,00110001010000110111,0110011,1
0110011,6,00110001010000010111,00110001010001010111,0110011,1
0110011,7,00110001010000010111,00110001010010010111,0110011,1
0110011,8,00110001010000010111,00110001010100010111,0110011,1
0110011,9,00110001010000010111,00110001011000010111,0110011,1
0110011,10,00110001010000010111,00110001000000010111,0110011,1
0110011,11,00110001010000010111,00110001110000010111,0110011,1
0110011,12,00110001010000010111,00110000010000010111,0110011,1
0110011,13,00110001010000010111,00110011010000010111,0110011,1
0110011,14,00110001010000010111,00110101010000010111,0110011,1
0110011,15,00110001010000010111,00111001010000010111,0110011,1
0110011,16,00110001010000010111,00100001010000010111,0110011,1
0110011,17,00110001010000010111,00010001010000010111,0110011,1
0110011,18,00110001010000010111,01110001010000010111,0110011,1
0110011,19,00110001010000010111,10110001010000010111,0110011,1
0110100,-1,00110001100010110000,00110001100010110000,0110100,1
0110100,0,00110001100010110000,00110001100010110001,0110100,1
0110100,1,00110001100010110000,00110001100010110010,0110100,1
0110100,2,00110001100010110000,00110001100010110100,0110100,1
0110100,3,00110001100010110000,00110001100010111000,0110100,1
0110100,4,00110001100010110000,00110001100010100000,0110100,1
0110100,5,00110001100010110000,00110001100010010000,0110100,1
0110100,6,00110001100010110000,00110001100011110000,0110100,1
0110100,7,00110001100010110000,00110001100000110000,0110100,1
0110100,8,00110001100010110000,00110001100110110000,0110100,1
0110100,9,00110001100010110000,00110001101010110000,0110100,1
0110100,10,00110001100010110000,00110001110010110000,0110100,1
0110100,11,00110001100010110000,00110001000010110000,0110100,1
0110100,12,00110001100010110000,00110000100010110000,0110100,1
0110100,13,00110001100010110000,00110011100010110000,0110100,1
0110100,14,00110001100010110000,00110101100010110000,0110100,1
0110100,15,00110001100010110000,00111001100010110000,0110100,1
0110100,16,00110001100010110000,00100001100010110000,0110100,1
0110100,17,00110001100010110000,00010001100010110000,0110100,1
0110100,18,00110001100010110000,01110001100010110000,0110100,1
0110100,19,00110001100010110000,10110001100010110000,0110100,1
0110101,-1,00110001100001001011,00110001100001001011,0110101,1
0110101,0,00110001100001001011,00110001100001001010,0110101,1
0110101,1,00110001100001001011,00110001100001001001,0110101,1
0110101,2,00110001100001001011,00110001100001001111,0110101,1
0110101,3,00110001100001001011,00110001100001000011,0110101,1
0110101,4,00110001100001001011,00110001100001011011,0110101,1
0110101,5,00110001100001001011,00110001100001101011,0110101,1
0110101,6,00110001100001001011,00110001100000001011,0110101,1
0110101,7,00110001100001001011,00110001100011001011,0110101,1
0110101,8,00110001100001001011,00110001100101001011,0110101,1
0110101,9,00110001100001001011,00110001101001001011,0110101,1
0110101,10,00110001100001001011,00110001110001001011,0110101,1
0110101,11,00110001100001001011,00110001000001001011,0110101,1
0110101,12,00110001100001001011,00110000100001001011,0110101,1
0110101,13,00110001100001001011,00110011100001001011,0110101,1
0110101,14,00110001100001001011,00110101100001001011,0110101,1
0110101,15,00110001100001001011,00111001100001001011,0110101,1
0110101,16,00110001100001001011,00100001100001001011,0110101,1
0110101,17,00110001100001001011,00010001100001001011,0110101,1
0110101,18,00110001100001001011,01110001100001001011,0110101,1
0110101,19,00110001100001001011,10110001100001001011,0110101,1
0110110,-1,00110001101101011100,00110001101101011100,0110110,1
0110110,0,00110001101101011100,00110001101101011101,0110110,1
0110110,1,00110001101101011100,00110001101101011110,0110110,1
0110110,2,00110001101101011100,00110001101101011000,0110110,1
0110110,3,00110001101101011100,00110001101101010100,0110110,1
0110110,4,00110001101101011100,00110001101101001100,0110110,1
0110110,5,00110001101101011100,00110001101101111100,0110110,1
0110110,6,00110001101101011100,00110001101100011100,0110110,1
0110110,7,00110001101101011100,00110001101111011100,0110110,1
0110110,8,00110001101101011100,00110001101001011100,0110110,1
0110110,9,00110001101101011100,00110001100101011100,0110110,1
0110110,10,00110001101101011100,00110001111101011100,0110110,1
0110110,11,00110001101101011100,00110001001101011100,0110110,1
0110110,12,00110001101101011100,00110000101101011100,0110110,1
0110110,13,00110001101101011100,00110011101101011100,0110110,1
0110110,14,00110001101101011100,00110101101101011100,0110110,1
0110110,15,00110001101101011100,00111001101101011100,0110110,1
0110110,16,00110001101101011100,00100001101101011100,0110110,1
0110110,17,00110001101101011100,00010001101101011100,0110110,1
0110110,18,00110001101101011100,01110001101101011100,0110110,1
0110110,19,00110001101101011100,10110001101101011100,0110110,1
0110111,-1,00110001101110100111,00110001101110100111,0110111,1
0110111,0,00110001101110100111,00110001101110100110,0110111,1
0110111,1,00110001101110100111,00110001101110100101,0110111,1
0110111,2,00110001101110100111,00110001101110100011,0110111,1
0110111,3,00110001101110100111,00110001101110101111,0110111,1
0110111,4,00110001101110100111,00110001101110110111,0110111,1
0110111,5,00110001101110100111,00110001101110000111,0110111,1
0110111,6,00110001101110100111,00110001101111100111,0110111,1
0110111,7,00110001101110100111,00110001101100100111,0110111,1
0110111,8,00110001101110100111,00110001101010100111,0110111,1
0110111,9,00110001101110100111,00110001100110100111,0110111,1
0110111,10,00110001101110100111,00110001111110100111,0110111,1
0110111,11,00110001101110100111,00110001001110100111,0110111,1
0110111,12,00110001101110100111,00110000101110100111,0110111,1
0110111,13,00110001101110100111,00110011101110100111,0110111,1
0110111,14,00110001101110100111,00110101101110100111,0110111,1
0110111,15,00110001101110100111,00111001101110100111,0110111,1
0110111,16,00110001101110100111,00100001101110100111,0110111,1
0110111,17,00110001101110100111,00010001101110100111,0110111,1
0110111,18,00110001101110100111,01110001101110100111,0110111,1
0110111,19,00110001101110100111,10110001101110100111,0110111,1
0111000,-1,00110010100111000000,00110010100111000000,0111000,1
0111000,0,00110010100111000000,00110010100111000001,0111000,1
0111000,1,00110010100111000000,00110010100111000010,0111000,1
0111000,2,00110010100111000000,00110010100111000100,0111000,1
0111000,3,00110010100111000000,00110010100111001000,0111000,1
0111000,4,00110010100111000000,00110010100111010000,0111000,1
0111000,5,00110010100111000000,00110010100111100000,0111000,1
0111000,6,00110010100111000000,00110010100110000000,0111000,1
0111000,7,00110010100111000000,00110010100101000000,0111000,1
0111000,8,00110010100111000000,00110010100011000000,0111000,1
0111000,9,00110010100111000000,00110010101111000000,0111000,1
0111000,10,00110010100111000000,00110010110111000000,0111000,1
0111000,11,00110010100111000000,00110010000111000000,0111000,1
0111000,12,00110010100111000000,00110011100111000000,0111000,1
0111000,13,00110010100111000000,00110000100111000000,0111000,1
0111000,14,00110010100111000000,00110110100111000000,0111000,1
0111000,15,00110010100111000000,00111010100111000000,0111000,1
0111000,16,00110010100111000000,00100010100111000000,0111000,1
0111000,17,00110010100111000000,00010010100111000000,0111000,1
0111000,18,00110010100111000000,01110010100111000000,0111000,1
0111000,19,00110010100111000000,10110010100111000000,0111000,1
0111001,-1,00110010100100111011,00110010100100111011,0111001,1
0111001,0,00110010100100111011,00110010100100111010,0111001,1
0111001,1,00110010100100111011,00110010100100111001,0111001,1
0111001,2,00110010100100111011,00110010100100111111,0111001,1
0111001,3,00110010100100111011,00110010100100110011,0111001,1
0111001,4,00110010100100111011,00110010100100101011,0111001,1
0111001,5,00110010100100111011,00110010100100011011,0111001,1
0111001,6,00110010100100111011,00110010100101111011,0111001,1
0111001,7,00110010100100111011,00110010100110111011,0111001,1
0111001,8,00110010100100111011,00110010100000111011,0111001,1
0111001,9,00110010100100111011,00110010101100111011,0111001,1
0111001,10,00110010100100111011,00110010110100111011,0111001,1
0111001,11,00110010100100111011,00110010000100111011,0111001,1
0111001,12,00110010100100111011,00110011100100111011,0111001,1
0111001,13,00110010100100111011,00110000100100111011,0111001,1
0111001,14,00110010100100111011,00110110100100111011,0111001,1
0111001,15,00110010100100111011,00111010100100111011,0111001,1
0111001,16,00110010100100111011,00100010100100111011,0111001,1
0111001,17,00110010100100111011,00010010100100111011,0111001,1
0111001,18,00110010100100111011,01110010100100111011,0111001,1
0111001,19,00110010100100111011,10110010100100111011,0111001,1
0111010,-1,00110010101000101100,00110010101000101100,0111010,1
0111010,0,00110010101000101100,00110010101000101101,0111010,1
0111010,1,00110010101000101100,00110010101000101110,0111010,1
0111010,2,00110010101000101100,00110010101000101000,0111010,1
0111010,3,00110010101000101100,00110010101000100100,0111010,1
0111010,4,00110010101000101100,00110010101000111100,0111010,1
0111010,5,00110010101000101100,00110010101000001100,0111010,1
0111010,6,00110010101000101100,00110010101001101100,0111010,1
0111010,7,00110010101000101100,00110010101010101100,0111010,1
0111010,8,00110010101000101100,00110010101100101100,0111010,1
0111010,9,00110010101000101100,00110010100000101100,0111010,1
0111010,10,00110010101000101100,00110010111000101100,0111010,1
0111010,11,00110010101000101100,00110010001000101100,0111010,1
0111010,12,00110010101000101100,00110011101000101100,0111010,1
0111010,13,00110010101000101100,00110000101000101100,0111010,1
0111010,14,00110010101000101100,00110110101000101100,0111010,1
0111010,15,00110010101000101100,00111010101000101100,0111010,1
0111010,16,00110010101000101100,00100010101000101100,0111010,1
0111010,17,00110010101000101100,00010010101000101100,0111010,1
0111010,18,00110010101000101100,01110010101000101100,0111010,1
0111010,19,00110010101000101100,10110010101000101100,0111010,1
0111011,-1,00110010101011010111,00110010101011010111,0111011,1
0111011,0,00110010101011010111,00110010101011010110,0111011,1
0111011,1,00110010101011010111,00110010101011010101,0111011,1
0111011,2,00110010101011010111,00110010101011010011,0111011,1
0111011,3,00110010101011010111,00110010101011011111,0111011,1
0111011,4,00110010101011010111,00110010101011000111,0111011,1
0111011,5,00110010101011010111,00110010101011110111,0111011,1
0111011,6,00110010101011010111,00110010101010010111,0111011,1
0111011,7,00110010101011010111,00110010101001010111,0111011,1
0111011,8,00110010101011010111,00110010101111010111,0111011,1
0111011,9,00110010101011010111,00110010100011010111,0111011,1
0111011,10,00110010101011010111,00110010111011010111,0111011,1
0111011,11,00110010101011010111,00110010001011010111,0111011,1
0111011,12,00110010101011010111,00110011101011010111,0111011,1
0111011,13,00110010101011010111,00110000101011010111,0111011,1
0111011,14,00110010101011010111,00110110101011010111,0111011,1
0111011,15,00110010101011010111,00111010101011010111,0111011,1
0111011,16,00110010101011010111,00100010101011010111,0111011,1
0111011,17,00110010101011010111,00010010101011010111,0111011,1
0111011,18,00110010101011010111,01110010101011010111,0111011,1
0111011,19,00110010101011010111,10110010101011010111,0111011,1
0111100,-1,00110010011001110000,00110010011001110000,0111100,1
0111100,0,00110010011001110000,00110010011001110001,0111100,1
0111100,1,00110010011001110000,00110010011001110010,0111100,1
0111100,2,00110010011001110000,00110010011001110100,0111100,1
0111100,3,00110010011001110000,00110010011001111000,0111100,1
0111100,4,00110010011001110000,00110010011001100000,0111100,1
0111100,5,00110010011001110000,00110010011001010000,0111100,1
0111100,6,00110010011001110000,00110010011000110000,0111100,1
0111100,7,00110010011001110000,00110010011011110000,0111100,1
0111100,8,00110010011001110000,00110010011101110000,0111100,1
0111100,9,00110010011001110000,00110010010001110000,0111100,1
0111100,10,00110010011001110000,00110010001001110000,0111100,1
0111100,11,00110010011001110000,00110010111001110000,0111100,1
0111100,12,00110010011001110000,00110011011001110000,0111100,1
0111100,13,00110010011001110000,00110000011001110000,0111100,1
0111100,14,00110010011001110000,00110110011001110000,0111100,1
0111100,15,00110010011001110000,00111010011001110000,0111100,1
0111100,16,00110010011001110000,00100010011001110000,0111100,1
0111100,17,00110010011001110000,00010010011001110000,0111100,1
0111100,18,00110010011001110000,01110010011001110000,0111100,1
0111100,19,00110010011001110000,10110010011001110000,0111100,1
0111101,-1,00110010011010001011,00110010011010001011,0111101,1
0111101,0,00110010011010001011,00110010011010001010,0111101,1
0111101,1,00110010011010001011,00110010011010001001,0111101,1
0111101,2,00110010011010001011,00110010011010001111,0111101,1
0111101,3,00110010011010001011,00110010011010000011,0111101,1
0111101,4,00110010011010001011,00110010011010011011,0111101,1
0111101,5,00110010011010001011,00110010011010101011,0111101,1
0111101,6,00110010011010001011,00110010011011001011,0111101,1
0111101,7,00110010011010001011,00110010011000001011,0111101,1
0111101,8,00110010011010001011,00110010011110001011,0111101,1
0111101,9,00110010011010001011,00110010010010001011,0111101,1
0111101,10,00110010011010001011,00110010001010001011,0111101,1
0111101,11,00110010011010001011,00110010111010001011,0111101,1
0111101,12,00110010011010001011,00110011011010001011,0111101,1
0111101,13,00110010011010001011,00110000011010001011,0111101,1
0111101,14,00110010011010001011,00110110011010001011,0111101,1
0111101,15,00110010011010001011,00111010011010001011,0111101,1
0111101,16,00110010011010001011,00100010011010001011,0111101,1
0111101,17,00110010011010001011,00010010011010001011,0111101,1
0111101,18,00110010011010001011,01110010011010001011,0111101,1
0111101,19,00110010011010001011,10110010011010001011,0111101,1
0111110,-1,00110010010110011100,00110010010110011100,0111110,1
0111110,0,00110010010110011100,00110010010110011101,0111110,1
0111110,1,00110010010110011100,00110010010110011110,0111110,1
0111110,2,00110010010110011100,00110010010110011000,0111110,1
0111110,3,00110010010110011100,00110010010110010100,0111110,1
0111110,4,00110010010110011100,00110010010110001100,0111110,1
0111110,5,00110010010110011100,00110010010110111100,0111110,1
0111110,6,00110010010110011100,00110010010111011100,0111110,1
0111110,7,00110010010110011100,00110010010100011100,0111110,1
0111110,8,00110010010110011100,00110010010010011100,0111110,1
0111110,9,00110010010110011100,00110010011110011100,0111110,1
0111110,10,00110010010110011100,00110010000110011100,0111110,1
0111110,11,00110010010110011100,00110010110110011100,0111110,1
0111110,12,00110010010110011100,00110011010110011100,0111110,1
0111110,13,00110010010110011100,00110000010110011100,0111110,1
0111110,14,00110010010110011100,00110110010110011100,0111110,1
0111110,15,00110010010110011100,00111010010110011100,0111110,1
0111110,16,00110010010110011100,00100010010110011100,0111110,1
0111110,17,00110010010110011100,00010010010110011100,0111110,1
0111110,18,00110010010110011100,01110010010110011100,0111110,1
0111110,19,00110010010110011100,10110010010110011100,0111110,1
0111111,-1,00110010010101100111,00110010010101100111,0111111,1
0111111,0,00110010010101100111,00110010010101100110,0111111,1
0111111,1,00110010010101100111,00110010010101100101,0111111,1
0111111,2,00110010010101100111,00110010010101100011,0111111,1
0111111,3,00110010010101100111,00110010010101101111,0111111,1
0111111,4,00110010010101100111,00110010010101110111,0111111,1
0111111,5,00110010010101100111,00110010010101000111,0111111,1
0111111,6,00110010010101100111,00110010010100100111,0111111,1
0111111,7,00110010010101100111,00110010010111100111,0111111,1
0111111,8,00110010010101100111,00110010010001100111,0111111,1
0111111,9,00110010010101100111,00110010011101100111,0111111,1
0111111,10,00110010010101100111,00110010000101100111,0111111,1
0111111,11,00110010010101100111,00110010110101100111,0111111,1
0111111,12,00110010010101100111,00110011010101100111,0111111,1
0111111,13,00110010010101100111,00110000010101100111,0111111,1
0111111,14,00110010010101100111,00110110010101100111,0111111,1
0111111,15,00110010010101100111,00111010010101100111,0111111,1
0111111,16,00110010010101100111,00100010010101100111,0111111,1
0111111,17,00110010010101100111,00010010010101100111,0111111,1
0111111,18,00110010010101100111,01110010010101100111,0111111,1
0111111,19,00110010010101100111,10110010010101100111,0111111,1
1000000,-1,11111011000000000000,11111011000000000000,1000000,1
1000000,0,11111011000000000000,11111011000000000001,1000000,1
1000000,1,11111011000000000000,11111011000000000010,1000000,1
1000000,2,11111011000000000000,11111011000000000100,1000000,1
1000000,3,11111011000000000000,11111011000000001000,1000000,1
1000000,4,11111011000000000000,11111011000000010000,1000000,1
1000000,5,11111011000000000000,11111011000000100000,1000000,1
1000000,6,11111011000000000000,11111011000001000000,1000000,1
1000000,7,11111011000000000000,11111011000010000000,1000000,1
1000000,8,11111011000000000000,11111011000100000000,1000000,1
1000000,9,11111011000000000000,11111011001000000000,1000000,1
1000000,10,11111011000000000000,11111011010000000000,1000000,1
1000000,11,11111011000000000000,11111011100000000000,1000000,1
1000000,12,11111011000000000000,11111010000000000000,1000000,1
1000000,13,11111011000000000000,11111001000000000000,1000000,1
1000000,14,11111011000000000000,11111111000000000000,1000000,1
1000000,15,11111011000000000000,11110011000000000000,1000000,1
1000000,16,11111011000000000000,11101011000000000000,1000000,1
1000000,17,11111011000000000000,11011011000000000000,1000000,1
1000000,18,11111011000000000000,10111011000000000000,1000000,1
1000000,19,11111011000000000000,01111011000000000000,1000000,1
1000001,-1,11111011000011111011,11111011000011111011,1000001,1
1000001,0,11111011000011111011,11111011000011111010,1000001,1
1000001,1,11111011000011111011,11111011000011111001,1000001,1
1000001,2,11111011000011111011,11111011000011111111,1000001,1
1000001,3,11111011000011111011,11111011000011110011,1000001,1
1000001,4,11111011000011111011,11111011000011101011,1000001,1
1000001,5,11111011000011111011,11111011000011011011,1000001,1
1000001,6,11111011000011111011,11111011000010111011,1000001,1
1000001,7,11111011000011111011,11111011000001111011,1000001,1
1000001,8,11111011000011111011,11111011000111111011,1000001,1
1000001,9,11111011000011111011,11111011001011111011,1000001,1
1000001,10,11111011000011111011,11111011010011111011,1000001,1
1000001,11,11111011000011111011,11111011100011111011,1000001,1
1000001,12,11111011000011111011,11111010000011111011,1000001,1
1000001,13,11111011000011111011,11111001000011111011,1000001,1
1000001,14,11111011000011111011,11111111000011111011,1000001,1
1000001,15,11111011000011111011,11110011000011111011,1000001,1
1000001,16,11111011000011111011,11101011000011111011,1000001,1
1000001,17,11111011000011111011,11011011000011111011,1000001,1
1000001,18,11111011000011111011,10111011000011111011,1000001,1
1000001,19,11111011000011111011,01111011000011111011,1000001,1
1000010,-1,11111011001111101100,11111011001111101100,1000010,1
1000010,0,11111011001111101100,11111011001111101101,1000010,1
1000010,1,11111011001111101100,11111011001111101110,1000010,1
1000010,2,11111011001111101100,11111011001111101000,1000010,1
1000010,3,11111011001111101100,11111011001111100100,1000010,1
1000010,4,11111011001111101100,11111011001111111100,1000010,1
1000010,5,11111011001111101100,11111011001111001100,1000010,1
1000010,6,11111011001111101100,11111011001110101100,1000010,1
1000010,7,11111011001111101100,11111011001101101100,1000010,1
1000010,8,11111011001111101100,11111011001011101100,1000010,1
1000010,9,11111011001111101100,11111011000111101100,1000010,1
1000010,10,11111011001111101100,11111011011111101100,1000010,1
1000010,11,11111011001111101100,11111011101111101100,1000010,1
1000010,12,11111011001111101100,11111010001111101100,1000010,1
1000010,13,11111011001111101100,11111001001111101100,1000010,1
1000010,14,11111011001111101100,11111111001111101100,1000010,1
1000010,15,11111011001111101100,11110011001111101100,1000010,1
1000010,16,11111011001111101100,11101011001111101100,1000010,1
1000010,17,11111011001111101100,11011011001111101100,1000010,1
1000010,18,11111011001111101100,10111011001111101100,1000010,1
1000010,19,11111011001111101100,01111011001111101100,1000010,1
1000011,-1,11111011001100010111,11111011001100010111,1000011,1
1000011,0,11111011001100010111,11111011001100010110,1000011,1
1000011,1,11111011001100010111,11111011001100010101,1000011,1
1000011,2,11111011001100010111,11111011001100010011,1000011,1
1000011,3,11111011001100010111,11111011001100011111,1000011,1
1000011,4,11111011001100010111,11111011001100000111,1000011,1
1000011,5,11111011001100010111,11111011001100110111,1000011,1
1000011,6,11111011001100010111,11111011001101010111,1000011,1
1000011,7,11111011001100010111,11111011001110010111,1000011,1
1000011,8,11111011001100010111,11111011001000010111,1000011,1
1000011,9,11111011001100010111,11111011000100010111,1000011,1
1000011,10,11111011001100010111,11111011011100010111,1000011,1
1000011,11,11111011001100010111,11111011101100010111,1000011,1
1000011,12,11111011001100010111,11111010001100010111,1000011,1
1000011,13,11111011001100010111,11111001001100010111,1000011,1
1000011,14,11111011001100010111,11111111001100010111,1000011,1
1000011,15,11111011001100010111,11110011001100010111,1000011,1
1000011,16,11111011001100010111,11101011001100010111,1000011,1
1000011,17,11111011001100010111,11011011001100010111,1000011,1
1000011,18,11111011001100010111,10111011001100010111,1000011,1
1000011,19,11111011001100010111,01111011001100010111,1000011,1
1000100,-1,11111011111110110000,11111011111110110000,1000100,1
1000100,0,11111011111110110000,11111011111110110001,1000100,1
1000100,1,11111011111110110000,11111011111110110010,1000100,1
1000100,2,11111011111110110000,11111011111110110100,1000100,1
1000100,3,11111011111110110000,11111011111110111000,1000100,1
1000100,4,11111011111110110000,11111011111110100000,1000100,1
1000100,5,11111011111110110000,11111011111110010000,1000100,1
1000100,6,11111011111110110000,11111011111111110000,1000100,1
1000100,7,11111011111110110000,11111011111100110000,1000100,1
1000100,8,11111011111110110000,11111011111010110000,1000100,1
1000100,9,11111011111110110000,11111011110110110000,1000100,1
1000100,10,11111011111110110000,11111011101110110000,1000100,1
1000100,11,11111011111110110000,11111011011110110000,1000100,1
1000100,12,11111011111110110000,11111010111110110000,1000100,1
1000100,13,11111011111110110000,11111001111110110000,1000100,1
1000100,14,11111011111110110000,11111111111110110000,1000100,1
1000100,15,11111011111110110000,11110011111110110000,1000100,1
1000100,16,11111011111110110000,11101011111110110000,1000100,1
1000100,17,11111011111110110000,11011011111110110000,1000100,1
1000100,18,11111011111110110000,10111011111110110000,1000100,1
1000100,19,11111011111110110000,01111011111110110000,1000100,1
1000101,-1,11111011111101001011,11111011111101001011,1000101,1
1000101,0,11111011111101001011,11111011111101001010,1000101,1
1000101,1,11111011111101001011,11111011111101001001,1000101,1
1000101,2,11111011111101001011,11111011111101001111,1000101,1
1000101,3,11111011111101001011,11111011111101000011,1000101,1
1000101,4,11111011111101001011,11111011111101011011,1000101,1
1000101,5,11111011111101001011,11111011111101101011,1000101,1
1000101,6,11111011111101001011,11111011111100001011,1000101,1
1000101,7,11111011111101001011,11111011111111001011,1000101,1
1000101,8,11111011111101001011,11111011111001001011,1000101,1
1000101,9,11111011111101001011,11111011110101001011,1000101,1
1000101,10,11111011111101001011,11111011101101001011,1000101,1
1000101,11,11111011111101001011,11111011011101001011,1000101,1
1000101,12,11111011111101001011,11111010111101001011,1000101,1
1000101,13,11111011111101001011,11111001111101001011,1000101,1
1000101,14,11111011111101001011,11111111111101001011,1000101,1
1000101,15,11111011111101001011,11110011111101001011,1000101,1
1000101,16,11111011111101001011,11101011111101001011,1000101,1
1000101,17,11111011111101001011,11011011111101001011,1000101,1
1000101,18,11111011111101001011,10111011111101001011,1000101,1
1000101,19,11111011111101001011,01111011111101001011,1000101,1
1000110,-1,11111011110001011100,11111011110001011100,1000110,1
1000110,0,11111011110001011100,11111011110001011101,1000110,1
1000110,1,11111011110001011100,11111011110001011110,1000110,1
1000110,2,11111011110001011100,11111011110001011000,1000110,1
1000110,3,11111011110001011100,11111011110001010100,1000110,1
1000110,4,11111011110001011100,11111011110001001100,1000110,1
1000110,5,11111011110001011100,11111011110001111100,1000110,1
1000110,6,11111011110001011100,11111011110000011100,1000110,1
1000110,7,11111011110001011100,11111011110011011100,1000110,1
1000110,8,11111011110001011100,11111011110101011100,1000110,1
1000110,9,11111011110001011100,11111011111001011100,1000110,1
1000110,10,11111011110001011100,11111011100001011100,1000110,1
1000110,11,11111011110001011100,11111011010001011100,1000110,1
1000110,12,11111011110001011100,11111010110001011100,1000110,1
1000110,13,11111011110001011100,11111001110001011100,1000110,1
1000110,14,11111011110001011100,11111111110001011100,1000110,1
1000110,15,11111011110001011100,11110011110001011100,1000110,1
1000110,16,11111011110001011100,11101011110001011100,1000110,1
1000110,17,11111011110001011100,11011011110001011100,1000110,1
1000110,18,11111011110001011100,10111011110001011100,1000110,1
1000110,19,11111011110001011100,01111011110001011100,1000110,1
1000111,-1,11111011110010100111,11111011110010100111,1000111,1
1000111,0,11111011110010100111,11111011110010100110,1000111,1
1000111,1,11111011110010100111,11111011110010100101,1000111,1
1000111,2,11111011110010100111,11111011110010100011,1000111,1
1000111,3,11111011110010100111,11111011110010101111,1000111,1
1000111,4,11111011110010100111,11111011110010110111,1000111,1
1000111,5,11111011110010100111,11111011110010000111,1000111,1
1000111,6,11111011110010100111,11111011110011100111,1000111,1
1000111,7,11111011110010100111,11111011110000100111,1000111,1
1000111,8,11111011110010100111,11111011110110100111,1000111,1
1000111,9,11111011110010100111,11111011111010100111,1000111,1
1000111,10,11111011110010100111,11111011100010100111,1000111,1
1000111,11,11111011110010100111,11111011010010100111,1000111,1
1000111,12,11111011110010100111,11111010110010100111,1000111,1
1000111,13,11111011110010100111,11111001110010100111,1000111,1
1000111,14,11111011110010100111,11111111110010100111,1000111,1
1000111,15,11111011110010100111,11110011110010100111,1000111,1
1000111,16,11111011110010100111,11101011110010100111,1000111,1
1000111,17,11111011110010100111,11011011110010100111,1000111,1
1000111,18,11111011110010100111,10111011110010100111,1000111,1
1000111,19,11111011110010100111,01111011110010100111,1000111,1
1001000,-1,11111000111011000000,11111000111011000000,1001000,1
1001000,0,11111000111011000000,11111000111011000001,1001000,1
1001000,1,11111000111011000000,11111000111011000010,1001000,1
1001000,2,11111000111011000000,11111000111011000100,1001000,1
1001000,3,11111000111011000000,11111000111011001000,1001000,1
1001000,4,11111000111011000000,11111000111011010000,1001000,1
1001000,5,11111000111011000000,11111000111011100000,1001000,1
1001000,6,11111000111011000000,11111000111010000000,1001000,1
1001000,7,11111000111011000000,11111000111001000000,1001000,1
1001000,8,11111000111011000000,11111000111111000000,1001000,1
1001000,9,11111000111011000000,11111000110011000000,1001000,1
1001000,10,11111000111011000000,11111000101011000000,1001000,1
1001000,11,11111000111011000000,11111000011011000000,1001000,1
1001000,12,11111000111011000000,11111001111011000000,1001000,1
1001000,13,11111000111011000000,11111010111011000000,1001000,1
1001000,14,11111000111011000000,11111100111011000000,1001000,1
1001000,15,11111000111011000000,11110000111011000000,1001000,1
1001000,16,11111000111011000000,11101000111011000000,1001000,1
1001000,17,11111000111011000000,11011000111011000000,1001000,1
1001000,18,11111000111011000000,10111000111011000000,1001000,1
1001000,19,11111000111011000000,01111000111011000000,1001000,1
1001001,-1,11111000111000111011,11111000111000111011,1001001,1
1001001,0,11111000111000111011,11111000111000111010,1001001,1
1001001,1,11111000111000111011,11111000111000111001,1001001,1
1001001,2,11111000111000111011,11111000111000111111,1001001,1
1001001,3,11111000111000111011,11111000111000110011,1001001,1
1001001,4,11111000111000111011,11111000111000101011,1001001,1
1001001,5,11111000111000111011,11111000111000011011,1001001,1
1001001,6,11111000111000111011,11111000111001111011,1001001,1
1001001,7,11111000111000111011,11111000111010111011,1001001,1
1001001,8,11111000111000111011,11111000111100111011,1001001,1
1001001,9,11111000111000111011,11111000110000111011,1001001,1
1001001,10,11111000111000111011,11111000101000111011,1001001,1
1001001,11,11111000111000111011,11111000011000111011,1001001,1
1001001,12,11111000111000111011,11111001111000111011,1001001,1
1001001,13,11111000111000111011,11111010111000111011,1001001,1
1001001,14,11111000111000111011,11111100111000111011,1001001,1
1001001,15,11111000111000111011,11110000111000111011,1001001,1
1001001,16,11111000111000111011,11101000111000111011,1001001,1
1001001,17,11111000111000111011,11011000111000111011,1001001,1
1001001,18,11111000111000111011,10111000111000111011,1001001,1
1001001,19,11111000111000111011,01111000111000111011,1001001,1
1001010,-1,11111000110100101100,11111000110100101100,1001010,1
1001010,0,11111000110100101100,11111000110100101101,1001010,1
1001010,1,11111000110100101100,11111000110100101110,1001010,1
1001010,2,11111000110100101100,11111000110100101000,1001010,1
1001010,3,11111000110100101100,11111000110100100100,1001010,1
1001010,4,11111000110100101100,11111000110100111100,1001010,1
1001010,5,11111000110100101100,11111000110100001100,1001010,1
1001010,6,11111000110100101100,11111000110101101100,1001010,1
1001010,7,11111000110100101100,11111000110110101100,1001010,1
1001010,8,11111000110100101100,11111000110000101100,1001010,1
1001010,9,11111000110100101100,11111000111100101100,1001010,1
1001010,10,11111000110100101100,11111000100100101100,1001010,1
1001010,11,11111000110100101100,11111000010100101100,1001010,1
1001010,12,11111000110100101100,11111001110100101100,1001010,1
1001010,13,11111000110100101100,11111010110100101100,1001010,1
1001010,14,11111000110100101100,11111100110100101100,1001010,1
1001010,15,11111000110100101100,11110000110100101100,1001010,1
1001010,16,11111000110100101100,11101000110100101100,1001010,1
1001010,17,11111000110100101100,11011000110100101100,1001010,1
1001010,18,11111000110100101100,10111000110100101100,1001010,1
1001010,19,11111000110100101100,01111000110100101100,1001010,1
1001011,-1,11111000110111010111,11111000110111010111,1001011,1
1001011,0,11111000110111010111,11111000110111010110,1001011,1
1001011,1,11111000110111010111,11111000110111010101,1001011,1
1001011,2,11111000110111010111,11111000110111010011,1001011,1
1001011,3,11111000110111010111,11111000110111011111,1001011,1
1001011,4,11111000110111010111,11111000110111000111,1001011,1
1001011,5,11111000110111010111,11111000110111110111,1001011,1
1001011,6,11111000110111010111,11111000110110010111,1001011,1
1001011,7,11111000110111010111,11111000110101010111,1001011,1
1001011,8,11111000110111010111,11111000110011010111,1001011,1
1001011,9,11111000110111010111,11111000111111010111,1001011,1
1001011,10,11111000110111010111,11111000100111010111,1001011,1
1001011,11,11111000110111010111,11111000010111010111,1001011,1
1001011,12,11111000110111010111,11111001110111010111,1001011,1
1001011,13,11111000110111010111,11111010110111010111,1001011,1
1001011,14,11111000110111010111,11111100110111010111,1001011,1
1001011,15,11111000110111010111,11110000110111010111,1001011,1
1001011,16,11111000110111010111,11101000110111010111,1001011,1
1001011,17,11111000110111010111,11011000110111010111,1001011,1
1001011,18,11111000110111010111,10111000110111010111,1001011,1
1001011,19,11111000110111010111,01111000110111010111,1001011,1
1001100,-1,11111000000101110000,11111000000101110000,1001100,1
1001100,0,11111000000101110000,11111000000101110001,1001100,1
1001100,1,11111000000101110000,11111000000101110010,1001100,1
1001100,2,11111000000101110000,11111000000101110100,1001100,1
1001100,3,11111000000101110000,11111000000101111000,1001100,1
1001100,4,11111000000101110000,11111000000101100000,1001100,1
1001100,5,11111000000101110000,11111000000101010000,1001100,1
1001100,6,11111000000101110000,11111000000100110000,1001100,1
1001100,7,11111000000101110000,11111000000111110000,1001100,1
1001100,8,11111000000101110000,11111000000001110000,1001100,1
1001100,9,11111000000101110000,11111000001101110000,1001100,1
1001100,10,11111000000101110000,11111000010101110000,1001100,1
1001100,11,11111000000101110000,11111000100101110000,1001100,1
1001100,12,11111000000101110000,11111001000101110000,1001100,1
1001100,13,11111000000101110000,11111010000101110000,1001100,1
1001100,14,11111000000101110000,11111100000101110000,1001100,1
1001100,15,11111000000101110000,11110000000101110000,1001100,1
1001100,16,11111000000101110000,11101000000101110000,1001100,1
1001100,17,11111000000101110000,11011000000101110000,1001100,1
1001100,18,11111000000101110000,10111000000101110000,1001100,1
1001100,19,11111000000101110000,01111000000101110000,1001100,1
1001101,-1,11111000000110001011,11111000000110001011,1001101,1
1001101,0,11111000000110001011,11111000000110001010,1001101,1
1001101,1,11111000000110001011,11111000000110001001,1001101,1
1001101,2,11111000000110001011,11111000000110001111,1001101,1
1001101,3,11111000000110001011,11111000000110000011,1001101,1
1001101,4,11111000000110001011,11111000000110011011,1001101,1
1001101,5,11111000000110001011,11111000000110101011,1001101,1
1001101,6,11111000000110001011,11111000000111001011,1001101,1
1001101,7,11111000000110001011,11111000000100001011,1001101,1
1001101,8,11111000000110001011,11111000000010001011,1001101,1
1001101,9,11111000000110001011,11111000001110001011,1001101,1
1001101,10,11111000000110001011,11111000010110001011,1001101,1
1001101,11,11111000000110001011,11111000100110001011,1001101,1
1001101,12,11111000000110001011,11111001000110001011,1001101,1
1001101,13,11111000000110001011,11111010000110001011,1001101,1
1001101,14,11111000000110001011,11111100000110001011,1001101,1
1001101,15,11111000000110001011,11110000000110001011,1001101,1
1001101,16,11111000000110001011,11101000000110001011,1001101,1
1001101,17,11111000000110001011,11011000000110001011,1001101,1
1001101,18,11111000000110001011,10111000000110001011,1001101,1
1001101,19,11111000000110001011,01111000000110001011,1001101,1
1001110,-1,11111000001010011100,11111000001010011100,1001110,1
1001110,0,11111000001010011100,11111000001010011101,1001110,1
1001110,1,11111000001010011100,11111000001010011110,1001110,1
1001110,2,11111000001010011100,11111000001010011000,1001110,1
1001110,3,11111000001010011100,11111000001010010100,1001110,1
1001110,4,11111000001010011100,11111000001010001100,1001110,1
1001110,5,11111000001010011100,11111000001010111100,1001110,1
1001110,6,11111000001010011100,11111000001011011100,1001110,1
1001110,7,11111000001010011100,11111000001000011100,1001110,1
1001110,8,11111000001010011100,11111000001110011100,1001110,1
1001110,9,11111000001010011100,11111000000010011100,1001110,1
1001110,10,11111000001010011100,11111000011010011100,1001110,1
1001110,11,11111000001010011100,11111000101010011100,1001110,1
1001110,12,11111000001010011100,11111001001010011100,1001110,1
1001110,13,11111000001010011100,11111010001010011100,1001110,1
1001110,14,11111000001010011100,11111100001010011100,1001110,1
1001110,15,11111000001010011100,11110000001010011100,1001110,1
1001110,16,11111000001010011100,11101000001010011100,1001110,1
1001110,17,11111000001010011100,11011000001010011100,1001110,1
1001110,18,11111000001010011100,10111000001010011100,1001110,1
1001110,19,11111000001010011100,01111000001010011100,1001110,1
1001111,-1,11111000001001100111,11111000001001100111,1001111,1
1001111,0,11111000001001100111,11111000001001100110,1001111,1
1001111,1,11111000001001100111,11111000001001100101,1001111,1
1001111,2,11111000001001100111,11111000001001100011,1001111,1
1001111,3,11111000001001100111,11111000001001101111,1001111,1
1001111,4,11111000001001100111,11111000001001110111,1001111,1
1001111,5,11111000001001100111,11111000001001000111,1001111,1
1001111,6,11111000001001100111,11111000001000100111,1001111,1
1001111,7,11111000001001100111,11111000001011100111,1001111,1
1001111,8,11111000001001100111,11111000001101100111,1001111,1
1001111,9,11111000001001100111,11111000000001100111,1001111,1
1001111,10,11111000001001100111,11111000011001100111,1001111,1
1001111,11,11111000001001100111,11111000101001100111,1001111,1
1001111,12,11111000001001100111,11111001001001100111,1001111,1
1001111,13,11111000001001100111,11111010001001100111,1001111,1
1001111,14,11111000001001100111,11111100001001100111,1001111,1
1001111,15,11111000001001100111,11110000001001100111,1001111,1
1001111,16,11111000001001100111,11101000001001100111,1001111,1
1001111,17,11111000001001100111,11011000001001100111,1001111,1
1001111,18,11111000001001100111,10111000001001100111,1001111,1
1001111,19,11111000001001100111,01111000001001100111,1001111,1
1010000,-1,11110100101100000000,11110100101100000000,1010000,1
1010000,0,11110100101100000000,11110100101100000001,1010000,1
1010000,1,11110100101100000000,11110100101100000010,1010000,1
1010000,2,11110100101100000000,11110100101100000100,1010000,1
1010000,3,11110100101100000000,11110100101100001000,1010000,1
1010000,4,11110100101100000000,11110100101100010000,1010000,1
1010000,5,11110100101100000000,11110100101100100000,1010000,1
1010000,6,11110100101100000000,11110100101101000000,1010000,1
1010000,7,11110100101100000000,11110100101110000000,1010000,1
1010000,8,11110100101100000000,11110100101000000000,1010000,1
1010000,9,11110100101100000000,11110100100100000000,1010000,1
1010000,10,11110100101100000000,11110100111100000000,1010000,1
1010000,11,11110100101100000000,11110100001100000000,1010000,1
1010000,12,11110100101100000000,11110101101100000000,1010000,1
1010000,13,11110100101100000000,11110110101100000000,1010000,1
1010000,14,11110100101100000000,11110000101100000000,1010000,1
1010000,15,11110100101100000000,11111100101100000000,1010000,1
1010000,16,11110100101100000000,11100100101100000000,1010000,1
1010000,17,11110100101100000000,11010100101100000000,1010000,1
1010000,18,11110100101100000000,10110100101100000000,1010000,1
1010000,19,11110100101100000000,01110100101100000000,1010000,1
1010001,-1,11110100101111111011,11110100101111111011,1010001,1
1010001,0,11110100101111111011,11110100101111111010,1010001,1
1010001,1,11110100101111111011,11110100101111111001,1010001,1
1010001,2,11110100101111111011,11110100101111111111,1010001,1
1010001,3,11110100101111111011,11110100101111110011,1010001,1
1010001,4,11110100101111111011,11110100101111101011,1010001,1
1010001,5,11110100101111111011,11110100101111011011,1010001,1
1010001,6,11110100101111111011,11110100101110111011,1010001,1
1010001,7,11110100101111111011,11110100101101111011,1010001,1
1010001,8,11110100101111111011,11110100101011111011,1010001,1
1010001,9,11110100101111111011,11110100100111111011,1010001,1
1010001,10,11110100101111111011,11110100111111111011,1010001,1
1010001,11,11110100101111111011,11110100001111111011,1010001,1
1010001,12,11110100101111111011,11110101101111111011,1010001,1
1010001,13,11110100101111111011,11110110101111111011,1010001,1
1010001,14,11110100101111111011,11110000101111111011,1010001,1
1010001,15,11110100101111111011,11111100101111111011,1010001,1
1010001,16,11110100101111111011,11100100101111111011,1010001,1
1010001,17,11110100101111111011,11010100101111111011,1010001,1
1010001,18,11110100101111111011,10110100101111111011,1010001,1
1010001,19,11110100101111111011,01110100101111111011,1010001,1
1010010,-1,11110100100011101100,11110100100011101100,1010010,1
1010010,0,11110100100011101100,11110100100011101101,1010010,1
1010010,1,11110100100011101100,11110100100011101110,1010010,1
1010010,2,11110100100011101100,11110100100011101000,1010010,1
1010010,3,11110100100011101100,11110100100011100100,1010010,1
1010010,4,11110100100011101100,11110100100011111100,1010010,1
1010010,5,11110100100011101100,11110100100011001100,1010010,1
1010010,6,11110100100011101100,11110100100010101100,1010010,1
1010010,7,11110100100011101100,11110100100001101100,1010010,1
1010010,8,11110100100011101100,11110100100111101100,1010010,1
1010010,9,11110100100011101100,11110100101011101100,1010010,1
1010010,10,11110100100011101100,11110100110011101100,1010010,1
1010010,11,11110100100011101100,11110100000011101100,1010010,1
1010010,12,11110100100011101100,11110101100011101100,1010010,1
1010010,13,11110100100011101100,11110110100011101100,1010010,1
1010010,14,11110100100011101100,11110000100011101100,1010010,1
1010010,15,11110100100011101100,11111100100011101100,1010010,1
1010010,16,11110100100011101100,11100100100011101100,1010010,1
1010010,17,11110100100011101100,11010100100011101100,1010010,1
1010010,18,11110100100011101100,10110100100011101100,1010010,1
1010010,19,11110100100011101100,01110100100011101100,1010010,1
1010011,-1,11110100100000010111,11110100100000010111,1010011,1
1010011,0,11110100100000010111,11110100100000010110,1010011,1
1010011,1,11110100100000010111,11110100100000010101,1010011,1
1010011,2,11110100100000010111,11110100100000010011,1010011,1
1010011,3,11110100100000010111,11110100100000011111,1010011,1
1010011,4,11110100100000010111,11110100100000000111,1010011,1
1010011,5,11110100100000010111,11110100100000110111,1010011,1
1010011,6,11110100100000010111,11110100100001010111,1010011,1
1010011,7,11110100100000010111,11110100100010010111,1010011,1
1010011,8,11110100100000010111,11110100100100010111,1010011,1
1010011,9,11110100100000010111,11110100101000010111,1010011,1
1010011,10,11110100100000010111,11110100110000010111,1010011,1
1010011,11,11110100100000010111,11110100000000010111,1010011,1
1010011,12,11110100100000010111,11110101100000010111,1010011,1
1010011,13,11110100100000010111,11110110100000010111,1010011,1
1010011,14,11110100100000010111,11110000100000010111,1010011,1
1010011,15,11110100100000010111,11111100100000010111,1010011,1
1010011,16,11110100100000010111,11100100100000010111,1010011,1
1010011,17,11110100100000010111,11010100100000010111,1010011,1
1010011,18,11110100100000010111,10110100100000010111,1010011,1
1010011,19,11110100100000010111,01110100100000010111,1010011,1
1010100,-1,11110100010010110000,11110100010010110000,1010100,1
1010100,0,11110100010010110000,11110100010010110001,1010100,1
1010100,1,11110100010010110000,11110100010010110010,1010100,1
1010100,2,11110100010010110000,11110100010010110100,1010100,1
1010100,3,11110100010010110000,11110100010010111000,1010100,1
1010100,4,11110100010010110000,11110100010010100000,1010100,1
1010100,5,11110100010010110000,11110100010010010000,1010100,1
1010100,6,11110100010010110000,11110100010011110000,1010100,1
1010100,7,11110100010010110000,11110100010000110000,1010100,1
1010100,8,11110100010010110000,11110100010110110000,1010100,1
1010100,9,11110100010010110000,11110100011010110000,1010100,1
1010100,10,11110100010010110000,11110100000010110000,1010100,1
1010100,11,11110100010010110000,11110100110010110000,1010100,1
1010100,12,11110100010010110000,11110101010010110000,1010100,1
1010100,13,11110100010010110000,11110110010010110000,1010100,1
1010100,14,11110100010010110000,11110000010010110000,1010100,1
1010100,15,11110100010010110000,11111100010010110000,1010100,1
1010100,16,11110100010010110000,11100100010010110000,1010100,1
1010100,17,11110100010010110000,11010100010010110000,1010100,1
1010100,18,11110100010010110000,10110100010010110000,1010100,1
1010100,19,11110100010010110000,01110100010010110000,1010100,1
1010101,-1,11110100010001001011,11110100010001001011,1010101,1
1010101,0,11110100010001001011,11110100010001001010,1010101,1
1010101,1,11110100010001001011,11110100010001001001,1010101,1
1010101,2,11110100010001001011,11110100010001001111,1010101,1
1010101,3,11110100010001001011,11110100010001000011,1010101,1
1010101,4,11110100010001001011,11110100010001011011,1010101,1
1010101,5,11110100010001001011,11110100010001101011,1010101,1
1010101,6,11110100010001001011,11110100010000001011,1010101,1
1010101,7,11110100010001001011,11110100010011001011,1010101,1
1010101,8,11110100010001001011,11110100010101001011,1010101,1
1010101,9,11110100010001001011,11110100011001001011,1010101,1
1010101,10,11110100010001001011,11110100000001001011,1010101,1
1010101,11,11110100010001001011,11110100110001001011,1010101,1
1010101,12,11110100010001001011,11110101010001001011,1010101,1
1010101,13,11110100010001001011,11110110010001001011,1010101,1
1010101,14,11110100010001001011,11110000010001001011,1010101,1
1010101,15,11110100010001001011,11111100010001001011,1010101,1
1010101,16,11110100010001001011,11100100010001001011,1010101,1
1010101,17,11110100010001001011,11010100010001001011,1010101,1
1010101,18,11110100010001001011,10110100010001001011,1010101,1
1010101,19,11110100010001001011,01110100010001001011,1010101,1
1010110,-1,11110100011101011100,11110100011101011100,1010110,1
1010110,0,11110100011101011100,11110100011101011101,1010110,1
1010110,1,11110100011101011100,11110100011101011110,1010110,1
1010110,2,11110100011101011100,11110100011101011000,1010110,1
1010110,3,11110100011101011100,11110100011101010100,1010110,1
1010110,4,11110100011101011100,11110100011101001100,1010110,1
1010110,5,11110100011101011100,11110100011101111100,1010110,1
1010110,6,11110100011101011100,11110100011100011100,1010110,1
1010110,7,11110100011101011100,11110100011111011100,1010110,1
1010110,8,11110100011101011100,11110100011001011100,1010110,1
1010110,9,11110100011101011100,11110100010101011100,1010110,1
1010110,10,11110100011101011100,11110100001101011100,1010110,1
1010110,11,11110100011101011100,11110100111101011100,1010110,1
1010110,12,11110100011101011100,11110101011101011100,1010110,1
1010110,13,11110100011101011100,11110110011101011100,1010110,1
1010110,14,11110100011101011100,11110000011101011100,1010110,1
1010110,15,11110100011101011100,11111100011101011100,1010110,1
1010110,16,11110100011101011100,11100100011101011100,1010110,1
1010110,17,11110100011101011100,11010100011101011100,1010110,1
1010110,18,11110100011101011100,10110100011101011100,1010110,1
1010110,19,11110100011101011100,01110100011101011100,1010110,1
1010111,-1,11110100011110100111,11110100011110100111,1010111,1
1010111,0,11110100011110100111,11110100011110100110,1010111,1
1010111,1,11110100011110100111,11110100011110100101,1010111,1
1010111,2,11110100011110100111,11110100011110100011,1010111,1
1010111,3,11110100011110100111,11110100011110101111,1010111,1
1010111,4,11110100011110100111,11110100011110110111,1010111,1
1010111,5,11110100011110100111,11110100011110000111,1010111,1
1010111,6,11110100011110100111,11110100011111100111,1010111,1
1010111,7,11110100011110100111,11110100011100100111,1010111,1
1010111,8,11110100011110100111,11110100011010100111,1010111,1
1010111,9,11110100011110100111,11110100010110100111,1010111,1
1010111,10,11110100011110100111,11110100001110100111,1010111,1
1010111,11,11110100011110100111,11110100111110100111,1010111,1
1010111,12,11110100011110100111,11110101011110100111,1010111,1
1010111,13,11110100011110100111,11110110011110100111,1010111,1
1010111,14,11110100011110100111,11110000011110100111,1010111,1
1010111,15,11110100011110100111,11111100011110100111,1010111,1
1010111,16,11110100011110100111,11100100011110100111,1010111,1
1010111,17,11110100011110100111,11010100011110100111,1010111,1
1010111,18,11110100011110100111,10110100011110100111,1010111,1
1010111,19,11110100011110100111,01110100011110100111,1010111,1
1011000,-1,11110111010111000000,11110111010111000000,1011000,1
1011000,0,11110111010111000000,11110111010111000001,1011000,1
1011000,1,11110111010111000000,11110111010111000010,1011000,1
1011000,2,11110111010111000000,11110111010111000100,1011000,1
1011000,3,11110111010111000000,11110111010111001000,1011000,1
1011000,4,11110111010111000000,11110111010111010000,1011000,1
1011000,5,11110111010111000000,11110111010111100000,1011000,1
1011000,6,11110111010111000000,11110111010110000000,1011000,1
1011000,7,11110111010111000000,11110111010101000000,1011000,1
1011000,8,11110111010111000000,11110111010011000000,1011000,1
1011000,9,11110111010111000000,11110111011111000000,1011000,1
1011000,10,11110111010111000000,11110111000111000000,1011000,1
1011000,11,11110111010111000000,11110111110111000000,1011000,1
1011000,12,11110111010111000000,11110110010111000000,1011000,1
1011000,13,11110111010111000000,11110101010111000000,1011000,1
1011000,14,11110111010111000000,11110011010111000000,1011000,1
1011000,15,11110111010111000000,11111111010111000000,1011000,1
1011000,16,11110111010111000000,11100111010111000000,1011000,1
1011000,17,11110111010111000000,11010111010111000000,1011000,1
1011000,18,11110111010111000000,10110111010111000000,1011000,1
1011000,19,11110111010111000000,01110111010111000000,1011000,1
1011001,-1,11110111010100111011,11110111010100111011,1011001,1
1011001,0,11110111010100111011,11110111010100111010,1011001,1
1011001,1,11110111010100111011,11110111010100111001,1011001,1
1011001,2,11110111010100111011,11110111010100111111,1011001,1
1011001,3,11110111010100111011,11110111010100110011,1011001,1
1011001,4,11110111010100111011,11110111010100101011,1011001,1
1011001,5,11110111010100111011,11110111010100011011,1011001,1
1011001,6,11110111010100111011,11110111010101111011,1011001,1
1011001,7,11110111010100111011,11110111010110111011,1011001,1
1011001,8,11110111010100111011,11110111010000111011,1011001,1
1011001,9,11110111010100111011,11110111011100111011,1011001,1
1011001,10,11110111010100111011,11110111000100111011,1011001,1
1011001,11,11110111010100111011,11110111110100111011,1011001,1
1011001,12,11110111010100111011,11110110010100111011,1011001,1
1011001,13,11110111010100111011,11110101010100111011,1011001,1
1011001,14,11110111010100111011,11110011010100111011,1011001,1
1011001,15,11110111010100111011,11111111010100111011,1011001,1
1011001,16,11110111010100111011,11100111010100111011,1011001,1
1011001,17,11110111010100111011,11010111010100111011,1011001,1
1011001,18,11110111010100111011,10110111010100111011,1011001,1
1011001,19,11110111010100111011,01110111010100111011,1011001,1
1011010,-1,11110111011000101100,11110111011000101100,1011010,1
1011010,0,11110111011000101100,11110111011000101101,1011010,1
1011010,1,11110111011000101100,11110111011000101110,1011010,1
1011010,2,11110111011000101100,11110111011000101000,1011010,1
1011010,3,11110111011000101100,11110111011000100100,1011010,1
1011010,4,11110111011000101100,11110111011000111100,1011010,1
1011010,5,11110111011000101100,11110111011000001100,1011010,1
1011010,6,11110111011000101100,11110111011001101100,1011010,1
1011010,7,11110111011000101100,11110111011010101100,1011010,1
1011010,8,11110111011000101100,11110111011100101100,1011010,1
1011010,9,11110111011000101100,11110111010000101100,1011010,1
1011010,10,11110111011000101100,11110111001000101100,1011010,1
1011010,11,11110111011000101100,11110111111000101100,1011010,1
1011010,12,11110111011000101100,11110110011000101100,1011010,1
1011010,13,11110111011000101100,11110101011000101100,1011010,1
1011010,14,11110111011000101100,11110011011000101100,1011010,1
1011010,15,11110111011000101100,11111111011000101100,1011010,1
1011010,16,11110111011000101100,11100111011000101100,1011010,1
1011010,17,11110111011000101100,11010111011000101100,1011010,1
1011010,18,11110111011000101100,10110111011000101100,1011010,1
1011010,19,11110111011000101100,01110111011000101100,1011010,1
1011011,-1,11110111011011010111,11110111011011010111,1011011,1
1011011,0,11110111011011010111,11110111011011010110,1011011,1
1011011,1,11110111011011010111,11110111011011010101,1011011,1
1011011,2,11110111011011010111,11110111011011010011,1011011,1
1011011,3,11110111011011010111,11110111011011011111,1011011,1
1011011,4,11110111011011010111,11110111011011000111,1011011,1
1011011,5,11110111011011010111,11110111011011110111,1011011,1
1011011,6,11110111011011010111,11110111011010010111,1011011,1
1011011,7,11110111011011010111,11110111011001010111,1011011,1
1011011,8,11110111011011010111,11110111011111010111,1011011,1
1011011,9,11110111011011010111,11110111010011010111,1011011,1
1011011,10,11110111011011010111,11110111001011010111,1011011,1
1011011,11,11110111011011010111,11110111111011010111,1011011,1
1011011,12,11110111011011010111,11110110011011010111,1011011,1
1011011,13,11110111011011010111,11110101011011010111,1011011,1
1011011,14,11110111011011010111,11110011011011010111,1011011,1
1011011,15,11110111011011010111,11111111011011010111,1011011,1
1011011,16,11110111011011010111,11100111011011010111,1011011,1
1011011,17,11110111011011010111,11010111011011010111,1011011,1
1011011,18,11110111011011010111,10110111011011010111,1011011,1
1011011,19,11110111011011010111,01110111011011010111,1011011,1
1011100,-1,11110111101001110000,11110111101001110000,1011100,1
1011100,0,11110111101001110000,11110111101001110001,1011100,1
1011100,1,11110111101001110000,11110111101001110010,1011100,1
1011100,2,11110111101001110000,11110111101001110100,1011100,1
1011100,3,11110111101001110000,11110111101001111000,1011100,1
1011100,4,11110111101001110000,11110111101001100000,1011100,1
1011100,5,11110111101001110000,11110111101001010000,1011100,1
1011100,6,11110111101001110000,11110111101000110000,1011100,1
1011100,7,11110111101001110000,11110111101011110000,1011100,1
1011100,8,11110111101001110000,11110111101101110000,1011100,1
1011100,9,11110111101001110000,11110111100001110000,1011100,1
1011100,10,11110111101001110000,11110111111001110000,1011100,1
1011100,11,11110111101001110000,11110111001001110000,1011100,1
1011100,12,11110111101001110000,11110110101001110000,1011100,1
1011100,13,11110111101001110000,11110101101001110000,1011100,1
1011100,14,11110111101001110000,11110011101001110000,1011100,1
1011100,15,11110111101001110000,11111111101001110000,1011100,1
1011100,16,11110111101001110000,11100111101001110000,1011100,1
1011100,17,11110111101001110000,11010111101001110000,1011100,1
1011100,18,11110111101001110000,10110111101001110000,1011100,1
1011100,19,11110111101001110000,01110111101001110000,1011100,1
1011101,-1,11110111101010001011,11110111101010001011,1011101,1
1011101,0,11110111101010001011,11110111101010001010,1011101,1
1011101,1,11110111101010001011,11110111101010001001,1011101,1
1011101,2,11110111101010001011,11110111101010001111,1011101,1
1011101,3,11110111101010001011,11110111101010000011,1011101,1
1011101,4,11110111101010001011,11110111101010011011,1011101,1
1011101,5,11110111101010001011,11110111101010101011,1011101,1
1011101,6,11110111101010001011,11110111101011001011,1011101,1
1011101,7,11110111101010001011,11110111101000001011,1011101,1
1011101,8,11110111101010001011,11110111101110001011,1011101,1
1011101,9,11110111101010001011,11110111100010001011,1011101,1
1011101,10,11110111101010001011,11110111111010001011,1011101,1
1011101,11,11110111101010001011,11110111001010001011,1011101,1
1011101,12,11110111101010001011,11110110101010001011,1011101,1
1011101,13,11110111101010001011,11110101101010001011,1011101,1
1011101,14,11110111101010001011,11110011101010001011,1011101,1
1011101,15,11110111101010001011,11111111101010001011,1011101,1
1011101,16,11110111101010001011,11100111101010001011,1011101,1
1011101,17,11110111101010001011,11010111101010001011,1011101,1
1011101,18,11110111101010001011,10110111101010001011,1011101,1
1011101,19,11110111101010001011,01110111101010001011,1011101,1
1011110,-1,11110111100110011100,11110111100110011100,1011110,1
1011110,0,11110111100110011100,11110111100110011101,1011110,1
1011110,1,11110111100110011100,11110111100110011110,1011110,1
1011110,2,11110111100110011100,11110111100110011000,1011110,1
1011110,3,11110111100110011100,11110111100110010100,1011110,1
1011110,4,11110111100110011100,11110111100110001100,1011110,1
1011110,5,11110111100110011100,11110111100110111100,1011110,1
1011110,6,11110111100110011100,11110111100111011100,1011110,1
1011110,7,11110111100110011100,11110111100100011100,1011110,1
1011110,8,11110111100110011100,11110111100010011100,1011110,1
1011110,9,11110111100110011100,11110111101110011100,1011110,1
1011110,10,11110111100110011100,11110111110110011100,1011110,1
1011110,11,11110111100110011100,11110111000110011100,1011110,1
1011110,12,11110111100110011100,11110110100110011100,1011110,1
1011110,13,11110111100110011100,11110101100110011100,1011110,1
1011110,14,11110111100110011100,11110011100110011100,1011110,1
1011110,15,11110111100110011100,11111111100110011100,1011110,1
1011110,16,11110111100110011100,11100111100110011100,1011110,1
1011110,17,11110111100110011100,11010111100110011100,1011110,1
1011110,18,11110111100110011100,10110111100110011100,1011110,1
1011110,19,11110111100110011100,01110111100110011100,1011110,1
1011111,-1,11110111100101100111,11110111100101100111,1011111,1
1011111,0,11110111100101100111,11110111100101100110,1011111,1
1011111,1,11110111100101100111,11110111100101100101,1011111,1
1011111,2,11110111100101100111,11110111100101100011,1011111,1
1011111,3,11110111100101100111,11110111100101101111,1011111,1
1011111,4,11110111100101100111,11110111100101110111,1011111,1
1011111,5,11110111100101100111,11110111100101000111,1011111,1
1011111,6,11110111100101100111,11110111100100100111,1011111,1
1011111,7,11110111100101100111,11110111100111100111,1011111,1
1011111,8,11110111100101100111,11110111100001100111,1011111,1
1011111,9,11110111100101100111,11110111101101100111,1011111,1
1011111,10,11110111100101100111,11110111110101100111,1011111,1
1011111,11,11110111100101100111,11110111000101100111,1011111,1
1011111,12,11110111100101100111,11110110100101100111,1011111,1
1011111,13,11110111100101100111,11110101100101100111,1011111,1
1011111,14,11110111100101100111,11110011100101100111,1011111,1
1011111,15,11110111100101100111,11111111100101100111,1011111,1
1011111,16,11110111100101100111,11100111100101100111,1011111,1
1011111,17,11110111100101100111,11010111100101100111,1011111,1
1011111,18,11110111100101100111,10110111100101100111,1011111,1
1011111,19,11110111100101100111,01110111100101100111,1011111,1
1100000,-1,11000101110000000000,11000101110000000000,1100000,1
1100000,0,11000101110000000000,11000101110000000001,1100000,1
1100000,1,11000101110000000000,11000101110000000010,1100000,1
1100000,2,11000101110000000000,11000101110000000100,1100000,1
1100000,3,11000101110000000000,11000101110000001000,1100000,1
1100000,4,11000101110000000000,11000101110000010000,1100000,1
1100000,5,11000101110000000000,11000101110000100000,1100000,1
1100000,6,11000101110000000000,11000101110001000000,1100000,1
1100000,7,11000101110000000000,11000101110010000000,1100000,1
1100000,8,11000101110000000000,11000101110100000000,1100000,1
1100000,9,11000101110000000000,11000101111000000000,1100000,1
1100000,10,11000101110000000000,11000101100000000000,1100000,1
1100000,11,11000101110000000000,11000101010000000000,1100000,1
1100000,12,11000101110000000000,11000100110000000000,1100000,1
1100000,13,11000101110000000000,11000111110000000000,1100000,1
1100000,14,11000101110000000000,11000001110000000000,1100000,1
1100000,15,11000101110000000000,11001101110000000000,1100000,1
1100000,16,11000101110000000000,11010101110000000000,1100000,1
1100000,17,11000101110000000000,11100101110000000000,1100000,1
1100000,18,11000101110000000000,10000101110000000000,1100000,1
1100000,19,11000101110000000000,01000101110000000000,1100000,1
1100001,-1,11000101110011111011,11000101110011111011,1100001,1
1100001,0,11000101110011111011,11000101110011111010,1100001,1
1100001,1,11000101110011111011,11000101110011111001,1100001,1
1100001,2,11000101110011111011,11000101110011111111,1100001,1
1100001,3,11000101110011111011,11000101110011110011,1100001,1
1100001,4,11000101110011111011,11000101110011101011,1100001,1
1100001,5,11000101110011111011,11000101110011011011,1100001,1
1100001,6,11000101110011111011,11000101110010111011,1100001,1
1100001,7,11000101110011111011,11000101110001111011,1100001,1
1100001,8,11000101110011111011,11000101110111111011,1100001,1
1100001,9,11000101110011111011,11000101111011111011,1100001,1
1100001,10,11000101110011111011,11000101100011111011,1100001,1
1100001,11,11000101110011111011,11000101010011111011,1100001,1
1100001,12,11000101110011111011,11000100110011111011,1100001,1
1100001,13,11000101110011111011,11000111110011111011,1100001,1
1100001,14,11000101110011111011,11000001110011111011,1100001,1
1100001,15,11000101110011111011,11001101110011111011,1100001,1
1100001,16,11000101110011111011,11010101110011111011,1100001,1
1100001,17,11000101110011111011,11100101110011111011,1100001,1
1100001,18,11000101110011111011,10000101110011111011,1100001,1
1100001,19,11000101110011111011,01000101110011111011,1100001,1
1100010,-1,11000101111111101100,11000101111111101100,1100010,1
1100010,0,11000101111111101100,11000101111111101101,1100010,1
1100010,1,11000101111111101100,11000101111111101110,1100010,1
1100010,2,11000101111111101100,11000101111111101000,1100010,1
1100010,3,11000101111111101100,11000101111111100100,1100010,1
1100010,4,11000101111111101100,11000101111111111100,1100010,1
1100010,5,11000101111111101100,11000101111111001100,1100010,1
1100010,6,11000101111111101100,11000101111110101100,1100010,1
1100010,7,11000101111111101100,11000101111101101100,1100010,1
1100010,8,11000101111111101100,11000101111011101100,1100010,1
1100010,9,11000101111111101100,11000101110111101100,1100010,1
1100010,10,11000101111111101100,11000101101111101100,1100010,1
1100010,11,11000101111111101100,11000101011111101100,1100010,1
1100010,12,11000101111111101100,11000100111111101100,1100010,1
1100010,13,11000101111111101100,11000111111111101100,1100010,1
1100010,14,11000101111111101100,11000001111111101100,1100010,1
1100010,15,11000101111111101100,11001101111111101100,1100010,1
1100010,16,11000101111111101100,11010101111111101100,1100010,1
1100010,17,11000101111111101100,11100101111111101100,1100010,1
1100010,18,11000101111111101100,10000101111111101100,1100010,1
1100010,19,11000101111111101100,01000101111111101100,1100010,1
1100011,-1,11000101111100010111,11000101111100010111,1100011,1
1100011,0,11000101111100010111,11000101111100010110,1100011,1
1100011,1,11000101111100010111,11000101111100010101,1100011,1
1100011,2,11000101111100010111,11000101111100010011,1100011,1
1100011,3,11000101111100010111,11000101111100011111,1100011,1
1100011,4,11000101111100010111,11000101111100000111,1100011,1
1100011,5,11000101111100010111,11000101111100110111,1100011,1
1100011,6,11000101111100010111,11000101111101010111,1100011,1
1100011,7,11000101111100010111,11000101111110010111,1100011,1
1100011,8,11000101111100010111,11000101111000010111,1100011,1
1100011,9,11000101111100010111,11000101110100010111,1100011,1
1100011,10,11000101111100010111,11000101101100010111,1100011,1
1100011,11,11000101111100010111,11000101011100010111,1100011,1
1100011,12,11000101111100010111,11000100111100010111,1100011,1
1100011,13,11000101111100010111,11000111111100010111,1100011,1
1100011,14,11000101111100010111,11000001111100010111,1100011,1
1100011,15,11000101111100010111,11001101111100010111,1100011,1
1100011,16,11000101111100010111,11010101111100010111,1100011,1
1100011,17,11000101111100010111,11100101111100010111,1100011,1
1100011,18,11000101111100010111,10000101111100010111,1100011,1
1100011,19,11000101111100010111,01000101111100010111,1100011,1
1100100,-1,11000101001110110000,11000101001110110000,1100100,1
1100100,0,11000101001110110000,11000101001110110001,1100100,1
1100100,1,11000101001110110000,11000101001110110010,1100100,1
1100100,2,11000101001110110000,11000101001110110100,1100100,1
1100100,3,11000101001110110000,11000101001110111000,1100100,1
1100100,4,11000101001110110000,11000101001110100000,1100100,1
1100100,5,11000101001110110000,11000101001110010000,1100100,1
1100100,6,11000101001110110000,11000101001111110000,1100100,1
1100100,7,11000101001110110000,11000101001100110000,1100100,1
1100100,8,11000101001110110000,11000101001010110000,1100100,1
1100100,9,11000101001110110000,11000101000110110000,1100100,1
1100100,10,11000101001110110000,11000101011110110000,1100100,1
1100100,11,11000101001110110000,11000101101110110000,1100100,1
1100100,12,11000101001110110000,11000100001110110000,1100100,1
1100100,13,11000101001110110000,11000111001110110000,1100100,1
1100100,14,11000101001110110000,11000001001110110000,1100100,1
1100100,15,11000101001110110000,11001101001110110000,1100100,1
1100100,16,11000101001110110000,11010101001110110000,1100100,1
1100100,17,11000101001110110000,11100101001110110000,1100100,1
1100100,18,11000101001110110000,10000101001110110000,1100100,1
1100100,19,11000101001110110000,01000101001110110000,1100100,1
1100101,-1,11000101001101001011,11000101001101001011,1100101,1
1100101,0,11000101001101001011,11000101001101001010,1100101,1
1100101,1,11000101001101001011,11000101001101001001,1100101,1
1100101,2,11000101001101001011,11000101001101001111,1100101,1
1100101,3,11000101001101001011,11000101001101000011,1100101,1
1100101,4,11000101001101001011,11000101001101011011,1100101,1
1100101,5,11000101001101001011,11000101001101101011,1100101,1
1100101,6,11000101001101001011,11000101001100001011,1100101,1
1100101,7,11000101001101001011,11000101001111001011,1100101,1
1100101,8,11000101001101001011,11000101001001001011,1100101,1
1100101,9,11000101001101001011,11000101000101001011,1100101,1
1100101,10,11000101001101001011,11000101011101001011,1100101,1
1100101,11,11000101001101001011,11000101101101001011,1100101,1
1100101,12,11000101001101001011,11000100001101001011,1100101,1
1100101,13,11000101001101001011,11000111001101001011,1100101,1
1100101,14,11000101001101001011,11000001001101001011,1100101,1
1100101,15,11000101001101001011,11001101001101001011,1100101,1
1100101,16,11000101001101001011,11010101001101001011,1100101,1
1100101,17,11000101001101001011,11100101001101001011,1100101,1
1100101,18,11000101001101001011,10000101001101001011,1100101,1
1100101,19,11000101001101001011,01000101001101001011,1100101,1
1100110,-1,11000101000001011100,11000101000001011100,1100110,1
1100110,0,11000101000001011100,11000101000001011101,1100110,1
1100110,1,11000101000001011100,11000101000001011110,1100110,1
1100110,2,11000101000001011100,11000101000001011000,1100110,1
1100110,3,11000101000001011100,11000101000001010100,1100110,1
1100110,4,11000101000001011100,11000101000001001100,1100110,1
1100110,5,11000101000001011100,11000101000001111100,1100110,1
1100110,6,11000101000001011100,11000101000000011100,1100110,1
1100110,7,11000101000001011100,11000101000011011100,1100110,1
1100110,8,11000101000001011100,11000101000101011100,1100110,1
1100110,9,11000101000001011100,11000101001001011100,1100110,1
1100110,10,11000101000001011100,11000101010001011100,1100110,1
1100110,11,11000101000001011100,11000101100001011100,1100110,1
1100110,12,11000101000001011100,11000100000001011100,1100110,1
1100110,13,11000101000001011100,11000111000001011100,1100110,1
1100110,14,11000101000001011100,11000001000001011100,1100110,1
1100110,15,11000101000001011100,11001101000001011100,1100110,1
1100110,16,11000101000001011100,11010101000001011100,1100110,1
1100110,17,11000101000001011100,11100101000001011100,1100110,1
1100110,18,11000101000001011100,10000101000001011100,1100110,1
1100110,19,11000101000001011100,01000101000001011100,1100110,1
1100111,-1,11000101000010100111,11000101000010100111,1100111,1
1100111,0,11000101000010100111,11000101000010100110,1100111,1
1100111,1,11000101000010100111,11000101000010100101,1100111,1
1100111,2,11000101000010100111,11000101000010100011,1100111,1
1100111,3,11000101000010100111,11000101000010101111,1100111,1
1100111,4,11000101000010100111,11000101000010110111,1100111,1
1100111,5,11000101000010100111,11000101000010000111,1100111,1
1100111,6,11000101000010100111,11000101000011100111,1100111,1
1100111,7,11000101000010100111,11000101000000100111,1100111,1
1100111,8,11000101000010100111,11000101000110100111,1100111,1
1100111,9,11000101000010100111,11000101001010100111,1100111,1
1100111,10,11000101000010100111,11000101010010100111,1100111,1
1100111,11,11000101000010100111,11000101100010100111,1100111,1
1100111,12,11000101000010100111,11000100000010100111,1100111,1
1100111,13,11000101000010100111,11000111000010100111,1100111,1
1100111,14,11000101000010100111,11000001000010100111,1100111,1
1100111,15,11000101000010100111,11001101000010100111,1100111,1
1100111,16,11000101000010100111,11010101000010100111,1100111,1
1100111,17,11000101000010100111,11100101000010100111,1100111,1
1100111,18,11000101000010100111,10000101000010100111,1100111,1
1100111,19,11000101000010100111,01000101000010100111,1100111,1
1101000,-1,11000110001011000000,11000110001011000000,1101000,1
1101000,0,11000110001011000000,11000110001011000001,1101000,1
1101000,1,11000110001011000000,11000110001011000010,1101000,1
1101000,2,11000110001011000000,11000110001011000100,1101000,1
1101000,3,11000110001011000000,11000110001011001000,1101000,1
1101000,4,11000110001011000000,11000110001011010000,1101000,1
1101000,5,11000110001011000000,11000110001011100000,1101000,1
1101000,6,11000110001011000000,11000110001010000000,1101000,1
1101000,7,11000110001011000000,11000110001001000000,1101000,1
1101000,8,11000110001011000000,11000110001111000000,1101000,1
1101000,9,11000110001011000000,11000110000011000000,1101000,1
1101000,10,11000110001011000000,11000110011011000000,1101000,1
1101000,11,11000110001011000000,11000110101011000000,1101000,1
1101000,12,11000110001011000000,11000111001011000000,1101000,1
1101000,13,11000110001011000000,11000100001011000000,1101000,1
1101000,14,11000110001011000000,11000010001011000000,1101000,1
1101000,15,11000110001011000000,11001110001011000000,1101000,1
1101000,16,11000110001011000000,11010110001011000000,1101000,1
1101000,17,11000110001011000000,11100110001011000000,1101000,1
1101000,18,11000110001011000000,10000110001011000000,1101000,1
1101000,19,11000110001011000000,01000110001011000000,1101000,1
1101001,-1,11000110001000111011,11000110001000111011,1101001,1
1101001,0,11000110001000111011,11000110001000111010,1101001,1
1101001,1,11000110001000111011,11000110001000111001,1101001,1
1101001,2,11000110001000111011,11000110001000111111,1101001,1
1101001,3,11000110001000111011,11000110001000110011,1101001,1
1101001,4,11000110001000111011,11000110001000101011,1101001,1
1101001,5,11000110001000111011,11000110001000011011,1101001,1
1101001,6,11000110001000111011,11000110001001111011,1101001,1
1101001,7,11000110001000111011,11000110001010111011,1101001,1
1101001,8,11000110001000111011,11000110001100111011,1101001,1
1101001,9,11000110001000111011,11000110000000111011,1101001,1
1101001,10,11000110001000111011,11000110011000111011,1101001,1
1101001,11,11000110001000111011,11000110101000111011,1101001,1
1101001,12,11000110001000111011,11000111001000111011,1101001,1
1101001,13,11000110001000111011,11000100001000111011,1101001,1
1101001,14,11000110001000111011,11000010001000111011,1101001,1
1101001,15,11000110001000111011,11001110001000111011,1101001,1
1101001,16,11000110001000111011,11010110001000111011,1101001,1
1101001,17,11000110001000111011,11100110001000111011,1101001,1
1101001,18,11000110001000111011,10000110001000111011,1101001,1
1101001,19,11000110001000111011,01000110001000111011,1101001,1
1101010,-1,11000110000100101100,11000110000100101100,1101010,1
1101010,0,11000110000100101100,11000110000100101101,1101010,1
1101010,1,11000110000100101100,11000110000100101110,1101010,1
1101010,2,11000110000100101100,11000110000100101000,1101010,1
1101010,3,11000110000100101100,11000110000100100100,1101010,1
1101010,4,11000110000100101100,11000110000100111100,1101010,1
1101010,5,11000110000100101100,11000110000100001100,1101010,1
1101010,6,11000110000100101100,11000110000101101100,1101010,1
1101010,7,11000110000100101100,11000110000110101100,1101010,1
1101010,8,11000110000100101100,11000110000000101100,1101010,1
1101010,9,11000110000100101100,11000110001100101100,1101010,1
1101010,10,11000110000100101100,11000110010100101100,1101010,1
1101010,11,11000110000100101100,11000110100100101100,1101010,1
1101010,12,11000110000100101100,11000111000100101100,1101010,1
1101010,13,11000110000100101100,11000100000100101100,1101010,1
1101010,14,11000110000100101100,11000010000100101100,1101010,1
1101010,15,11000110000100101100,11001110000100101100,1101010,1
1101010,16,11000110000100101100,11010110000100101100,1101010,1
1101010,17,11000110000100101100,11100110000100101100,1101010,1
1101010,18,11000110000100101100,10000110000100101100,1101010,1
1101010,19,11000110000100101100,01000110000100101100,1101010,1
1101011,-1,11000110000111010111,11000110000111010111,1101011,1
1101011,0,11000110000111010111,11000110000111010110,1101011,1
1101011,1,11000110000111010111,11000110000111010101,1101011,1
1101011,2,11000110000111010111,11000110000111010011,1101011,1
1101011,3,11000110000111010111,11000110000111011111,1101011,1
1101011,4,11000110000111010111,11000110000111000111,1101011,1
1101011,5,11000110000111010111,11000110000111110111,1101011,1
1101011,6,11000110000111010111,11000110000110010111,1101011,1
1101011,7,11000110000111010111,11000110000101010111,1101011,1
1101011,8,11000110000111010111,11000110000011010111,1101011,1
1101011,9,11000110000111010111,11000110001111010111,1101011,1
1101011,10,11000110000111010111,11000110010111010111,1101011,1
1101011,11,11000110000111010111,11000110100111010111,1101011,1
1101011,12,11000110000111010111,11000111000111010111,1101011,1
1101011,13,11000110000111010111,11000100000111010111,1101011,1
1101011,14,11000110000111010111,11000010000111010111,1101011,1
1101011,15,11000110000111010111,11001110000111010111,1101011,1
1101011,16,11000110000111010111,11010110000111010111,1101011,1
1101011,17,11000110000111010111,11100110000111010111,1101011,1
1101011,18,11000110000111010111,10000110000111010111,1101011,1
1101011,19,11000110000111010111,01000110000111010111,1101011,1
1101100,-1,11000110110101110000,11000110110101110000,1101100,1
1101100,0,11000110110101110000,11000110110101110001,1101100,1
1101100,1,11000110110101110000,11000110110101110010,1101100,1
1101100,2,11000110110101110000,11000110110101110100,1101100,1
1101100,3,11000110110101110000,11000110110101111000,1101100,1
1101100,4,11000110110101110000,11000110110101100000,1101100,1
1101100,5,11000110110101110000,11000110110101010000,1101100,1
1101100,6,11000110110101110000,11000110110100110000,1101100,1
1101100,7,11000110110101110000,11000110110111110000,1101100,1
1101100,8,11000110110101110000,11000110110001110000,1101100,1
1101100,9,11000110110101110000,11000110111101110000,1101100,1
1101100,10,11000110110101110000,11000110100101110000,1101100,1
1101100,11,11000110110101110000,11000110010101110000,1101100,1
1101100,12,11000110110101110000,11000111110101110000,1101100,1
1101100,13,11000110110101110000,11000100110101110000,1101100,1
1101100,14,11000110110101110000,11000010110101110000,1101100,1
1101100,15,11000110110101110000,11001110110101110000,1101100,1
1101100,16,11000110110101110000,11010110110101110000,1101100,1
1101100,17,11000110110101110000,11100110110101110000,1101100,1
1101100,18,11000110110101110000,10000110110101110000,1101100,1
1101100,19,11000110110101110000,01000110110101110000,1101100,1
1101101,-1,11000110110110001011,11000110110110001011,1101101,1
1101101,0,11000110110110001011,11000110110110001010,1101101,1
1101101,1,11000110110110001011,11000110110110001001,1101101,1
1101101,2,11000110110110001011,11000110110110001111,1101101,1
1101101,3,11000110110110001011,11000110110110000011,1101101,1
1101101,4,11000110110110001011,11000110110110011011,1101101,1
1101101,5,11000110110110001011,11000110110110101011,1101101,1
1101101,6,11000110110110001011,11000110110111001011,1101101,1
1101101,7,11000110110110001011,11000110110100001011,1101101,1
1101101,8,11000110110110001011,11000110110010001011,1101101,1
1101101,9,11000110110110001011,11000110111110001011,1101101,1
1101101,10,11000110110110001011,11000110100110001011,1101101,1
1101101,11,11000110110110001011,11000110010110001011,1101101,1
1101101,12,11000110110110001011,11000111110110001011,1101101,1
1101101,13,11000110110110001011,11000100110110001011,1101101,1
1101101,14,11000110110110001011,11000010110110001011,1101101,1
1101101,15,11000110110110001011,11001110110110001011,1101101,1
1101101,16,11000110110110001011,11010110110110001011,1101101,1
1101101,17,11000110110110001011,11100110110110001011,1101101,1
1101101,18,11000110110110001011,10000110110110001011,1101101,1
1101101,19,11000110110110001011,01000110110110001011,1101101,1
1101110,-1,11000110111010011100,11000110111010011100,1101110,1
1101110,0,11000110111010011100,11000110111010011101,1101110,1
1101110,1,11000110111010011100,11000110111010011110,1101110,1
1101110,2,11000110111010011100,11000110111010011000,1101110,1
1101110,3,11000110111010011100,11000110111010010100,1101110,1
1101110,4,11000110111010011100,11000110111010001100,1101110,1
1101110,5,11000110111010011100,11000110111010111100,1101110,1
1101110,6,11000110111010011100,11000110111011011100,1101110,1
1101110,7,11000110111010011100,11000110111000011100,1101110,1
1101110,8,11000110111010011100,11000110111110011100,1101110,1
1101110,9,11000110111010011100,11000110110010011100,1101110,1
1101110,10,11000110111010011100,11000110101010011100,1101110,1
1101110,11,11000110111010011100,11000110011010011100,1101110,1
1101110,12,11000110111010011100,11000111111010011100,1101110,1
1101110,13,11000110111010011100,11000100111010011100,1101110,1
1101110,14,11000110111010011100,11000010111010011100,1101110,1
1101110,15,11000110111010011100,11001110111010011100,1101110,1
1101110,16,11000110111010011100,11010110111010011100,1101110,1
1101110,17,11000110111010011100,11100110111010011100,1101110,1
1101110,18,11000110111010011100,10000110111010011100,1101110,1
1101110,19,11000110111010011100,01000110111010011100,1101110,1
1101111,-1,11000110111001100111,11000110111001100111,1101111,1
1101111,0,11000110111001100111,11000110111001100110,1101111,1
1101111,1,11000110111001100111,11000110111001100101,1101111,1
1101111,2,11000110111001100111,11000110111001100011,1101111,1
1101111,3,11000110111001100111,11000110111001101111,1101111,1
1101111,4,11000110111001100111,11000110111001110111,1101111,1
1101111,5,11000110111001100111,11000110111001000111,1101111,1
1101111,6,11000110111001100111,11000110111000100111,1101111,1
1101111,7,11000110111001100111,11000110111011100111,1101111,1
1101111,8,11000110111001100111,11000110111101100111,1101111,1
1101111,9,11000110111001100111,11000110110001100111,1101111,1
1101111,10,11000110111001100111,11000110101001100111,1101111,1
1101111,11,11000110111001100111,11000110011001100111,1101111,1
1101111,12,11000110111001100111,11000111111001100111,1101111,1
1101111,13,11000110111001100111,11000100111001100111,1101111,1
1101111,14,11000110111001100111,11000010111001100111,1101111,1
1101111,15,11000110111001100111,11001110111001100111,1101111,1
1101111,16,11000110111001100111,11010110111001100111,1101111,1
1101111,17,11000110111001100111,11100110111001100111,1101111,1
1101111,18,11000110111001100111,10000110111001100111,1101111,1
1101111,19,11000110111001100111,01000110111001100111,1101111,1
1110000,-1,11001010011100000000,11001010011100000000,1110000,1
1110000,0,11001010011100000000,11001010011100000001,1110000,1
1110000,1,11001010011100000000,11001010011100000010,1110000,1
1110000,2,11001010011100000000,11001010011100000100,1110000,1
1110000,3,11001010011100000000,11001010011100001000,1110000,1
1110000,4,11001010011100000000,11001010011100010000,1110000,1
1110000,5,11001010011100000000,11001010011100100000,1110000,1
1110000,6,11001010011100000000,11001010011101000000,1110000,1
1110000,7,11001010011100000000,11001010011110000000,1110000,1
1110000,8,11001010011100000000,11001010011000000000,1110000,1
1110000,9,11001010011100000000,11001010010100000000,1110000,1
1110000,10,11001010011100000000,11001010001100000000,1110000,1
1110000,11,11001010011100000000,11001010111100000000,1110000,1
1110000,12,11001010011100000000,11001011011100000000,1110000,1
1110000,13,11001010011100000000,11001000011100000000,1110000,1
1110000,14,11001010011100000000,11001110011100000000,1110000,1
1110000,15,11001010011100000000,11000010011100000000,1110000,1
1110000,16,11001010011100000000,11011010011100000000,1110000,1
1110000,17,11001010011100000000,11101010011100000000,1110000,1
1110000,18,11001010011100000000,10001010011100000000,1110000,1
1110000,19,11001010011100000000,01001010011100000000,1110000,1
1110001,-1,11001010011111111011,11001010011111111011,1110001,1
1110001,0,11001010011111111011,11001010011111111010,1110001,1
1110001,1,11001010011111111011,11001010011111111001,1110001,1
1110001,2,11001010011111111011,11001010011111111111,1110001,1
1110001,3,11001010011111111011,11001010011111110011,1110001,1
1110001,4,11001010011111111011,11001010011111101011,1110001,1
1110001,5,11001010011111111011,11001010011111011011,1110001,1
1110001,6,11001010011111111011,11001010011110111011,1110001,1
1110001,7,11001010011111111011,11001010011101111011,1110001,1
1110001,8,11001010011111111011,11001010011011111011,1110001,1
1110001,9,11001010011111111011,11001010010111111011,1110001,1
1110001,10,11001010011111111011,11001010001111111011,1110001,1
1110001,11,11001010011111111011,11001010111111111011,1110001,1
1110001,12,11001010011111111011,11001011011111111011,1110001,1
1110001,13,11001010011111111011,11001000011111111011,1110001,1
1110001,14,11001010011111111011,11001110011111111011,1110001,1
1110001,15,11001010011111111011,11000010011111111011,1110001,1
1110001,16,11001010011111111011,11011010011111111011,1110001,1
1110001,17,11001010011111111011,11101010011111111011,1110001,1
1110001,18,11001010011111111011,10001010011111111011,1110001,1
1110001,19,11001010011111111011,01001010011111111011,1110001,1
1110010,-1,11001010010011101100,11001010010011101100,1110010,1
1110010,0,11001010010011101100,11001010010011101101,1110010,1
1110010,1,11001010010011101100,11001010010011101110,1110010,1
1110010,2,11001010010011101100,11001010010011101000,1110010,1
1110010,3,11001010010011101100,11001010010011100100,1110010,1
1110010,4,11001010010011101100,11001010010011111100,1110010,1
1110010,5,11001010010011101100,11001010010011001100,1110010,1
1110010,6,11001010010011101100,11001010010010101100,1110010,1
1110010,7,11001010010011101100,11001010010001101100,1110010,1
1110010,8,11001010010011101100,11001010010111101100,1110010,1
1110010,9,11001010010011101100,11001010011011101100,1110010,1
1110010,10,11001010010011101100,11001010000011101100,1110010,1
1110010,11,11001010010011101100,11001010110011101100,1110010,1
1110010,12,11001010010011101100,11001011010011101100,1110010,1
1110010,13,11001010010011101100,11001000010011101100,1110010,1
1110010,14,11001010010011101100,11001110010011101100,1110010,1
1110010,15,11001010010011101100,11000010010011101100,1110010,1
1110010,16,11001010010011101100,11011010010011101100,1110010,1
1110010,17,11001010010011101100,11101010010011101100,1110010,1
1110010,18,11001010010011101100,10001010010011101100,1110010,1
1110010,19,11001010010011101100,01001010010011101100,1110010,1
1110011,-1,11001010010000010111,11001010010000010111,1110011,1
1110011,0,11001010010000010111,11001010010000010110,1110011,1
1110011,1,11001010010000010111,11001010010000010101,1110011,1
1110011,2,11001010010000010111,11001010010000010011,1110011,1
1110011,3,11001010010000010111,11001010010000011111,1110011,1
1110011,4,11001010010000010111,11001010010000000111,1110011,1
1110011,5,11001010010000010111,11001010010000110111,1110011,1
1110011,6,11001010010000010111,11001010010001010111,1110011,1
1110011,7,11001010010000010111,11001010010010010111,1110011,1
1110011,8,11001010010000010111,11001010010100010111,1110011,1
1110011,9,11001010010000010111,11001010011000010111,1110011,1
1110011,10,11001010010000010111,11001010000000010111,1110011,1
1110011,11,11001010010000010111,11001010110000010111,1110011,1
1110011,12,11001010010000010111,11001011010000010111,1110011,1
1110011,13,11001010010000010111,11001000010000010111,1110011,1
1110011,14,11001010010000010111,11001110010000010111,1110011,1
1110011,15,11001010010000010111,11000010010000010111,1110011,1
1110011,16,11001010010000010111,11011010010000010111,1110011,1
1110011,17,11001010010000010111,11101010010000010111,1110011,1
1110011,18,11001010010000010111,10001010010000010111,1110011,1
1110011,19,11001010010000010111,01001010010000010111,1110011,1
1110100,-1,11001010100010110000,11001010100010110000,1110100,1
1110100,0,11001010100010110000,11001010100010110001,1110100,1
1110100,1,11001010100010110000,11001010100010110010,1110100,1
1110100,2,11001010100010110000,11001010100010110100,1110100,1
1110100,3,11001010100010110000,11001010100010111000,1110100,1
1110100,4,11001010100010110000,11001010100010100000,1110100,1
1110100,5,11001010100010110000,11001010100010010000,1110100,1
1110100,6,11001010100010110000,11001010100011110000,1110100,1
1110100,7,11001010100010110000,11001010100000110000,1110100,1
1110100,8,11001010100010110000,11001010100110110000,1110100,1
1110100,9,11001010100010110000,11001010101010110000,1110100,1
1110100,10,11001010100010110000,11001010110010110000,1110100,1
1110100,11,11001010100010110000,11001010000010110000,1110100,1
1110100,12,11001010100010110000,11001011100010110000,1110100,1
1110100,13,11001010100010110000,11001000100010110000,1110100,1
1110100,14,11001010100010110000,11001110100010110000,1110100,1
1110100,15,11001010100010110000,11000010100010110000,1110100,1
1110100,16,11001010100010110000,11011010100010110000,1110100,1
1110100,17,11001010100010110000,11101010100010110000,1110100,1
1110100,18,11001010100010110000,10001010100010110000,1110100,1
1110100,19,11001010100010110000,01001010100010110000,1110100,1
1110101,-1,11001010100001001011,11001010100001001011,1110101,1
1110101,0,11001010100001001011,11001010100001001010,1110101,1
1110101,1,11001010100001001011,11001010100001001001,1110101,1
1110101,2,11001010100001001011,11001010100001001111,1110101,1
1110101,3,11001010100001001011,11001010100001000011,1110101,1
1110101,4,11001010100001001011,11001010100001011011,1110101,1
1110101,5,11001010100001001011,11001010100001101011,1110101,1
1110101,6,11001010100001001011,11001010100000001011,1110101,1
1110101,7,11001010100001001011,11001010100011001011,1110101,1
1110101,8,11001010100001001011,11001010100101001011,1110101,1
1110101,9,11001010100001001011,11001010101001001011,1110101,1
1110101,10,11001010100001001011,11001010110001001011,1110101,1
1110101,11,11001010100001001011,11001010000001001011,1110101,1
1110101,12,11001010100001001011,11001011100001001011,1110101,1
1110101,13,11001010100001001011,11001000100001001011,1110101,1
1110101,14,11001010100001001011,11001110100001001011,1110101,1
1110101,15,11001010100001001011,11000010100001001011,1110101,1
1110101,16,11001010100001001011,11011010100001001011,1110101,1
1110101,17,11001010100001001011,11101010100001001011,1110101,1
1110101,18,11001010100001001011,10001010100001001011,1110101,1
1110101,19,11001010100001001011,01001010100001001011,1110101,1
1110110,-1,11001010101101011100,11001010101101011100,1110110,1
1110110,0,11001010101101011100,11001010101101011101,1110110,1
1110110,1,11001010101101011100,11001010101101011110,1110110,1
1110110,2,11001010101101011100,11001010101101011000,1110110,1
1110110,3,11001010101101011100,11001010101101010100,1110110,1
1110110,4,11001010101101011100,11001010101101001100,1110110,1
1110110,5,11001010101101011100,11001010101101111100,1110110,1
1110110,6,11001010101101011100,11001010101100011100,1110110,1
1110110,7,11001010101101011100,11001010101111011100,1110110,1
1110110,8,11001010101101011100,11001010101001011100,1110110,1
1110110,9,11001010101101011100,11001010100101011100,1110110,1
1110110,10,11001010101101011100,11001010111101011100,1110110,1
1110110,11,11001010101101011100,11001010001101011100,1110110,1
1110110,12,11001010101101011100,11001011101101011100,1110110,1
1110110,13,11001010101101011100,11001000101101011100,1110110,1
1110110,14,11001010101101011100,11001110101101011100,1110110,1
1110110,15,11001010101101011100,11000010101101011100,1110110,1
1110110,16,11001010101101011100,11011010101101011100,1110110,1
1110110,17,11001010101101011100,11101010101101011100,1110110,1
1110110,18,11001010101101011100,10001010101101011100,1110110,1
1110110,19,11001010101101011100,01001010101101011100,1110110,1
1110111,-1,11001010101110100111,11001010101110100111,1110111,1
1110111,0,11001010101110100111,11001010101110100110,1110111,1
1110111,1,11001010101110100111,11001010101110100101,1110111,1
1110111,2,11001010101110100111,11001010101110100011,1110111,1
1110111,3,11001010101110100111,11001010101110101111,1110111,1
1110111,4,11001010101110100111,11001010101110110111,1110111,1
1110111,5,11001010101110100111,11001010101110000111,1110111,1
1110111,6,11001010101110100111,11001010101111100111,1110111,1
1110111,7,11001010101110100111,11001010101100100111,1110111,1
1110111,8,11001010101110100111,11001010101010100111,1110111,1
1110111,9,11001010101110100111,11001010100110100111,1110111,1
1110111,10,11001010101110100111,11001010111110100111,1110111,1
1110111,11,11001010101110100111,11001010001110100111,1110111,1
1110111,12,11001010101110100111,11001011101110100111,1110111,1
1110111,13,11001010101110100111,11001000101110100111,1110111,1
1110111,14,11001010101110100111,11001110101110100111,1110111,1
1110111,15,11001010101110100111,11000010101110100111,1110111,1
1110111,16,11001010101110100111,11011010101110100111,1110111,1
1110111,17,11001010101110100111,11101010101110100111,1110111,1
1110111,18,11001010101110100111,10001010101110100111,1110111,1
1110111,19,11001010101110100111,01001010101110100111,1110111,1
1111000,-1,11001001100111000000,11001001100111000000,1111000,1
1111000,0,11001001100111000000,11001001100111000001,1111000,1
1111000,1,11001001100111000000,11001001100111000010,1111000,1
1111000,2,11001001100111000000,11001001100111000100,1111000,1
1111000,3,11001001100111000000,11001001100111001000,1111000,1
1111000,4,11001001100111000000,11001001100111010000,1111000,1
1111000,5,11001001100111000000,11001001100111100000,1111000,1
1111000,6,11001001100111000000,11001001100110000000,1111000,1
1111000,7,11001001100111000000,11001001100101000000,1111000,1
1111000,8,11001001100111000000,11001001100011000000,1111000,1
1111000,9,11001001100111000000,11001001101111000000,1111000,1
1111000,10,11001001100111000000,11001001110111000000,1111000,1
1111000,11,11001001100111000000,11001001000111000000,1111000,1
1111000,12,11001001100111000000,11001000100111000000,1111000,1
1111000,13,11001001100111000000,11001011100111000000,1111000,1
1111000,14,11001001100111000000,11001101100111000000,1111000,1
1111000,15,11001001100111000000,11000001100111000000,1111000,1
1111000,16,11001001100111000000,11011001100111000000,1111000,1
1111000,17,11001001100111000000,11101001100111000000,1111000,1
1111000,18,11001001100111000000,10001001100111000000,1111000,1
1111000,19,11001001100111000000,01001001100111000000,1111000,1
1111001,-1,11001001100100111011,11001001100100111011,1111001,1
1111001,0,11001001100100111011,11001001100100111010,1111001,1
1111001,1,11001001100100111011,11001001100100111001,1111001,1
1111001,2,11001001100100111011,11001001100100111111,1111001,1
1111001,3,11001001100100111011,11001001100100110011,1111001,1
1111001,4,11001001100100111011,11001001100100101011,1111001,1
1111001,5,11001001100100111011,11001001100100011011,1111001,1
1111001,6,11001001100100111011,11001001100101111011,1111001,1
1111001,7,11001001100100111011,11001001100110111011,1111001,1
1111001,8,11001001100100111011,11001001100000111011,1111001,1
1111001,9,11001001100100111011,11001001101100111011,1111001,1
1111001,10,11001001100100111011,11001001110100111011,1111001,1
1111001,11,11001001100100111011,11001001000100111011,1111001,1
1111001,12,11001001100100111011,11001000100100111011,1111001,1
1111001,13,11001001100100111011,11001011100100111011,1111001,1
1111001,14,11001001100100111011,11001101100100111011,1111001,1
1111001,15,11001001100100111011,11000001100100111011,1111001,1
1111001,16,11001001100100111011,11011001100100111011,1111001,1
1111001,17,11001001100100111011,11101001100100111011,1111001,1
1111001,18,11001001100100111011,10001001100100111011,1111001,1
1111001,19,11001001100100111011,01001001100100111011,1111001,1
1111010,-1,11001001101000101100,11001001101000101100,1111010,1
1111010,0,11001001101000101100,11001001101000101101,1111010,1
1111010,1,11001001101000101100,11001001101000101110,1111010,1
1111010,2,11001001101000101100,11001001101000101000,1111010,1
1111010,3,11001001101000101100,11001001101000100100,1111010,1
1111010,4,11001001101000101100,11001001101000111100,1111010,1
1111010,5,11001001101000101100,11001001101000001100,1111010,1
1111010,6,11001001101000101100,11001001101001101100,1111010,1
1111010,7,11001001101000101100,11001001101010101100,1111010,1
1111010,8,11001001101000101100,11001001101100101100,1111010,1
1111010,9,11001001101000101100,11001001100000101100,1111010,1
1111010,10,11001001101000101100,11001001111000101100,1111010,1
1111010,11,11001001101000101100,11001001001000101100,1111010,1
1111010,12,11001001101000101100,11001000101000101100,1111010,1
1111010,13,11001001101000101100,11001011101000101100,1111010,1
1111010,14,11001001101000101100,11001101101000101100,1111010,1
1111010,15,11001001101000101100,11000001101000101100,1111010,1
1111010,16,11001001101000101100,11011001101000101100,1111010,1
1111010,17,11001001101000101100,11101001101000101100,1111010,1
1111010,18,11001001101000101100,10001001101000101100,1111010,1
1111010,19,11001001101000101100,01001001101000101100,1111010,1
1111011,-1,11001001101011010111,11001001101011010111,1111011,1
1111011,0,11001001101011010111,11001001101011010110,1111011,1
1111011,1,11001001101011010111,11001001101011010101,1111011,1
1111011,2,11001001101011010111,11001001101011010011,1111011,1
1111011,3,11001001101011010111,11001001101011011111,1111011,1
1111011,4,11001001101011010111,11001001101011000111,1111011,1
1111011,5,11001001101011010111,11001001101011110111,1111011,1
1111011,6,11001001101011010111,11001001101010010111,1111011,1
1111011,7,11001001101011010111,11001001101001010111,1111011,1
1111011,8,11001001101011010111,11001001101111010111,1111011,1
1111011,9,11001001101011010111,11001001100011010111,1111011,1
1111011,10,11001001101011010111,11001001111011010111,1111011,1
1111011,11,11001001101011010111,11001001001011010111,1111011,1
1111011,12,11001001101011010111,11001000101011010111,1111011,1
1111011,13,11001001101011010111,11001011101011010111,1111011,1
1111011,14,11001001101011010111,11001101101011010111,1111011,1
1111011,15,11001001101011010111,11000001101011010111,1111011,1
1111011,16,11001001101011010111,11011001101011010111,1111011,1
1111011,17,11001001101011010111,11101001101011010111,1111011,1
1111011,18,11001001101011010111,10001001101011010111,1111011,1
1111011,19,11001001101011010111,01001001101011010111,1111011,1
1111100,-1,11001001011001110000,11001001011001110000,1111100,1
1111100,0,11001001011001110000,11001001011001110001,1111100,1
1111100,1,11001001011001110000,11001001011001110010,1111100,1
1111100,2,11001001011001110000,11001001011001110100,1111100,1
1111100,3,11001001011001110000,11001001011001111000,1111100,1
1111100,4,11001001011001110000,11001001011001100000,1111100,1
1111100,5,11001001011001110000,11001001011001010000,1111100,1
1111100,6,11001001011001110000,11001001011000110000,1111100,1
1111100,7,11001001011001110000,11001001011011110000,1111100,1
1111100,8,11001001011001110000,11001001011101110000,1111100,1
1111100,9,11001001011001110000,11001001010001110000,1111100,1
1111100,10,11001001011001110000,11001001001001110000,1111100,1
1111100,11,11001001011001110000,11001001111001110000,1111100,1
1111100,12,11001001011001110000,11001000011001110000,1111100,1
1111100,13,11001001011001110000,11001011011001110000,1111100,1
1111100,14,11001001011001110000,11001101011001110000,1111100,1
1111100,15,11001001011001110000,11000001011001110000,1111100,1
1111100,16,11001001011001110000,11011001011001110000,1111100,1
1111100,17,11001001011001110000,11101001011001110000,1111100,1
1111100,18,11001001011001110000,10001001011001110000,1111100,1
1111100,19,11001001011001110000,01001001011001110000,1111100,1
1111101,-1,11001001011010001011,11001001011010001011,1111101,1
1111101,0,11001001011010001011,11001001011010001010,1111101,1
1111101,1,11001001011010001011,11001001011010001001,1111101,1
1111101,2,11001001011010001011,11001001011010001111,1111101,1
1111101,3,11001001011010001011,11001001011010000011,1111101,1
1111101,4,11001001011010001011,11001001011010011011,1111101,1
1111101,5,11001001011010001011,11001001011010101011,1111101,1
1111101,6,11001001011010001011,11001001011011001011,1111101,1
1111101,7,11001001011010001011,11001001011000001011,1111101,1
1111101,8,11001001011010001011,11001001011110001011,1111101,1
1111101,9,11001001011010001011,11001001010010001011,1111101,1
1111101,10,11001001011010001011,11001001001010001011,1111101,1
1111101,11,11001001011010001011,11001001111010001011,1111101,1
1111101,12,11001001011010001011,11001000011010001011,1111101,1
1111101,13,11001001011010001011,11001011011010001011,1111101,1
1111101,14,11001001011010001011,11001101011010001011,1111101,1
1111101,15,11001001011010001011,11000001011010001011,1111101,1
1111101,16,11001001011010001011,11011001011010001011,1111101,1
1111101,17,11001001011010001011,11101001011010001011,1111101,1
1111101,18,11001001011010001011,10001001011010001011,1111101,1
1111101,19,11001001011010001011,01001001011010001011,1111101,1
1111110,-1,11001001010110011100,11001001010110011100,1111110,1
1111110,0,11001001010110011100,11001001010110011101,1111110,1
1111110,1,11001001010110011100,11001001010110011110,1111110,1
1111110,2,11001001010110011100,11001001010110011000,1111110,1
1111110,3,11001001010110011100,11001001010110010100,1111110,1
1111110,4,11001001010110011100,11001001010110001100,1111110,1
1111110,5,11001001010110011100,11001001010110111100,1111110,1
1111110,6,11001001010110011100,11001001010111011100,1111110,1
1111110,7,11001001010110011100,11001001010100011100,1111110,1
1111110,8,11001001010110011100,11001001010010011100,1111110,1
1111110,9,11001001010110011100,11001001011110011100,1111110,1
1111110,10,11001001010110011100,11001001000110011100,1111110,1
1111110,11,11001001010110011100,11001001110110011100,1111110,1
1111110,12,11001001010110011100,11001000010110011100,1111110,1
1111110,13,11001001010110011100,11001011010110011100,1111110,1
1111110,14,11001001010110011100,11001101010110011100,1111110,1
1111110,15,11001001010110011100,11000001010110011100,1111110,1
1111110,16,11001001010110011100,11011001010110011100,1111110,1
1111110,17,11001001010110011100,11101001010110011100,1111110,1
1111110,18,11001001010110011100,10001001010110011100,1111110,1
1111110,19,11001001010110011100,01001001010110011100,1111110,1
1111111,-1,11001001010101100111,11001001010101100111,1111111,1
1111111,0,11001001010101100111,11001001010101100110,1111111,1
1111111,1,11001001010101100111,11001001010101100101,1111111,1
1111111,2,11001001010101100111,11001001010101100011,1111111,1
1111111,3,11001001010101100111,11001001010101101111,1111111,1
1111111,4,11001001010101100111,11001001010101110111,1111111,1
1111111,5,11001001010101100111,11001001010101000111,1111111,1
1111111,6,11001001010101100111,11001001010100100111,1111111,1
1111111,7,11001001010101100111,11001001010111100111,1111111,1
1111111,8,11001001010101100111,11001001010001100111,1111111,1
1111111,9,11001001010101100111,11001001011101100111,1111111,1
1111111,10,11001001010101100111,11001001000101100111,1111111,1
1111111,11,11001001010101100111,11001001110101100111,1111111,1
1111111,12,11001001010101100111,11001000010101100111,1111111,1
1111111,13,11001001010101100111,11001011010101100111,1111111,1
1111111,14,11001001010101100111,11001101010101100111,1111111,1
1111111,15,11001001010101100111,11000001010101100111,1111111,1
1111111,16,11001001010101100111,11011001010101100111,1111111,1
1111111,17,11001001010101100111,11101001010101100111,1111111,1
1111111,18,11001001010101100111,10001001010101100111,1111111,1
1111111,19,11001001010101100111,01001001010101100111,1111111,1
